X,Y,Time Stamp
X,Y,Time Stamp
,,2018-11-04 19:55:39
,,2018-11-04 19:55:39
,,2018-11-04 19:55:39
,,2018-11-04 19:55:39
,,2018-11-04 19:55:39
,,2018-11-04 19:55:39
,,2018-11-04 19:55:40
,,2018-11-04 19:55:40
,,2018-11-04 19:55:40
,,2018-11-04 19:55:40
,,2018-11-04 19:55:40
,,2018-11-04 19:55:40
,,2018-11-04 19:55:41
,,2018-11-04 19:55:41
,,2018-11-04 19:55:41
,,2018-11-04 19:55:41
,,2018-11-04 19:55:41
,,2018-11-04 19:55:41
,,2018-11-04 19:55:42
,,2018-11-04 19:55:42
,,2018-11-04 19:55:42
,,2018-11-04 19:55:42
,,2018-11-04 19:55:42
,,2018-11-04 19:55:42
,,2018-11-04 19:55:43
,,2018-11-04 19:55:43
,,2018-11-04 19:55:43
,,2018-11-04 19:55:43
,,2018-11-04 19:55:43
,,2018-11-04 19:55:43
,,2018-11-04 19:55:44
,,2018-11-04 19:55:44
,,2018-11-04 19:55:44
,,2018-11-04 19:55:44
,,2018-11-04 19:55:44
,,2018-11-04 19:55:44
,,2018-11-04 19:55:45
,,2018-11-04 19:55:45
,,2018-11-04 19:55:45
,,2018-11-04 19:55:45
,,2018-11-04 19:55:45
,,2018-11-04 19:55:45
,,2018-11-04 19:55:45
,,2018-11-04 19:55:46
,,2018-11-04 19:55:46
,,2018-11-04 19:55:46
,,2018-11-04 19:55:46
,,2018-11-04 19:55:46
,,2018-11-04 19:55:46
,,2018-11-04 19:55:47
,,2018-11-04 19:55:47
,,2018-11-04 19:55:47
,,2018-11-04 19:55:47
,,2018-11-04 19:55:47
,,2018-11-04 19:55:47
,,2018-11-04 19:55:48
,,2018-11-04 19:55:48
,,2018-11-04 19:55:48
,,2018-11-04 19:55:48
,,2018-11-04 19:55:48
,,2018-11-04 19:55:48
,,2018-11-04 19:55:49
,,2018-11-04 19:55:49
,,2018-11-04 19:55:49
,,2018-11-04 19:55:49
,,2018-11-04 19:55:49
,,2018-11-04 19:55:49
,,2018-11-04 19:55:49
,,2018-11-04 19:55:50
,,2018-11-04 19:55:50
,,2018-11-04 19:55:50
,,2018-11-04 19:55:50
,,2018-11-04 19:55:50
,,2018-11-04 19:55:50
,,2018-11-04 19:55:51
,,2018-11-04 19:55:51
199.0,318.0,2018-11-04 19:55:51
257.0,266.5,2018-11-04 19:55:51
311.5,253.5,2018-11-04 19:55:51
244.5,302.5,2018-11-04 19:55:51
255.0,268.5,2018-11-04 19:55:52
257.0,273.5,2018-11-04 19:55:52
260.5,236.5,2018-11-04 19:55:52
312.5,271.5,2018-11-04 19:55:52
308.0,233.0,2018-11-04 19:55:52
311.5,274.5,2018-11-04 19:55:52
310.0,267.0,2018-11-04 19:55:53
310.0,263.0,2018-11-04 19:55:53
312.5,272.5,2018-11-04 19:55:53
310.0,262.0,2018-11-04 19:55:53
247.5,310.0,2018-11-04 19:55:53
308.5,262.0,2018-11-04 19:55:53
308.5,283.5,2018-11-04 19:55:54
305.0,271.5,2018-11-04 19:55:54
305.0,275.0,2018-11-04 19:55:54
305.0,271.5,2018-11-04 19:55:54
306.0,245.0,2018-11-04 19:55:54
255.0,236.5,2018-11-04 19:55:54
305.0,268.0,2018-11-04 19:55:55
307.5,279.0,2018-11-04 19:55:55
305.0,292.0,2018-11-04 19:55:55
309.0,256.0,2018-11-04 19:55:55
309.0,272.5,2018-11-04 19:55:55
309.0,271.5,2018-11-04 19:55:55
307.5,267.0,2018-11-04 19:55:56
306.0,272.5,2018-11-04 19:55:56
249.5,266.5,2018-11-04 19:55:56
247.5,266.5,2018-11-04 19:55:56
247.5,266.5,2018-11-04 19:55:56
251.5,266.5,2018-11-04 19:55:56
251.5,266.5,2018-11-04 19:55:57
240.5,300.0,2018-11-04 19:55:57
247.5,268.5,2018-11-04 19:55:57
249.5,270.0,2018-11-04 19:55:57
206.0,209.0,2018-11-04 19:55:57
305.0,272.0,2018-11-04 19:55:57
304.5,276.5,2018-11-04 19:55:57
307.5,269.5,2018-11-04 19:55:58
264.5,262.5,2018-11-04 19:55:58
323.5,279.0,2018-11-04 19:55:58
320.0,309.0,2018-11-04 19:55:58
318.5,293.5,2018-11-04 19:55:58
318.0,271.0,2018-11-04 19:55:58
315.5,273.0,2018-11-04 19:55:59
248.0,323.5,2018-11-04 19:55:59
257.0,286.5,2018-11-04 19:55:59
255.0,281.5,2018-11-04 19:55:59
243.5,320.5,2018-11-04 19:55:59
301.5,269.5,2018-11-04 19:55:59
235.5,307.5,2018-11-04 19:56:00
,,2018-11-04 19:56:00
,,2018-11-04 19:56:00
,,2018-11-04 19:56:00
,,2018-11-04 19:56:00
,,2018-11-04 19:56:00
,,2018-11-04 19:56:01
,,2018-11-04 19:56:01
,,2018-11-04 19:56:01
,,2018-11-04 19:56:01
,,2018-11-04 19:56:01
,,2018-11-04 19:56:01
178.0,269.0,2018-11-04 19:56:01
178.5,255.0,2018-11-04 19:56:02
178.5,259.5,2018-11-04 19:56:02
176.5,263.5,2018-11-04 19:56:02
175.5,236.5,2018-11-04 19:56:02
171.5,268.0,2018-11-04 19:56:02
171.5,275.0,2018-11-04 19:56:02
168.5,245.5,2018-11-04 19:56:03
166.5,297.0,2018-11-04 19:56:03
168.5,267.5,2018-11-04 19:56:03
179.5,231.0,2018-11-04 19:56:03
303.5,327.5,2018-11-04 19:56:03
444.5,81.0,2018-11-04 19:56:03
286.5,281.0,2018-11-04 19:56:04
299.5,258.5,2018-11-04 19:56:04
307.5,227.0,2018-11-04 19:56:04
284.5,250.5,2018-11-04 19:56:04
289.5,266.0,2018-11-04 19:56:04
293.0,256.0,2018-11-04 19:56:04
291.0,242.0,2018-11-04 19:56:04
318.5,271.5,2018-11-04 19:56:05
286.0,260.0,2018-11-04 19:56:05
314.0,272.0,2018-11-04 19:56:05
314.0,250.0,2018-11-04 19:56:05
315.5,252.5,2018-11-04 19:56:05
310.5,249.5,2018-11-04 19:56:05
309.5,249.5,2018-11-04 19:56:06
276.5,249.5,2018-11-04 19:56:06
275.5,258.0,2018-11-04 19:56:06
274.5,247.5,2018-11-04 19:56:06
307.5,230.5,2018-11-04 19:56:06
275.5,250.0,2018-11-04 19:56:06
309.0,237.5,2018-11-04 19:56:07
306.5,231.5,2018-11-04 19:56:07
274.0,251.5,2018-11-04 19:56:07
272.0,250.0,2018-11-04 19:56:07
305.0,252.5,2018-11-04 19:56:07
274.5,247.5,2018-11-04 19:56:07
274.0,250.0,2018-11-04 19:56:08
272.0,251.5,2018-11-04 19:56:08
272.0,250.0,2018-11-04 19:56:08
274.5,300.5,2018-11-04 19:56:08
269.0,254.5,2018-11-04 19:56:08
272.0,242.0,2018-11-04 19:56:08
301.5,230.0,2018-11-04 19:56:08
298.5,222.0,2018-11-04 19:56:09
298.5,221.5,2018-11-04 19:56:09
267.5,257.0,2018-11-04 19:56:09
299.0,217.0,2018-11-04 19:56:09
297.5,222.0,2018-11-04 19:56:09
296.0,218.0,2018-11-04 19:56:09
296.0,221.0,2018-11-04 19:56:10
297.0,227.0,2018-11-04 19:56:10
296.0,225.0,2018-11-04 19:56:10
294.0,220.0,2018-11-04 19:56:10
293.0,220.0,2018-11-04 19:56:10
297.5,265.5,2018-11-04 19:56:10
264.5,243.0,2018-11-04 19:56:11
296.0,224.0,2018-11-04 19:56:11
262.0,256.0,2018-11-04 19:56:11
292.5,161.5,2018-11-04 19:56:11
279.5,202.5,2018-11-04 19:56:11
274.0,139.5,2018-11-04 19:56:11
279.5,141.5,2018-11-04 19:56:12
277.5,195.5,2018-11-04 19:56:12
275.5,180.5,2018-11-04 19:56:12
272.0,137.5,2018-11-04 19:56:12
270.0,132.0,2018-11-04 19:56:12
270.0,132.0,2018-11-04 19:56:12
447.0,84.0,2018-11-04 19:56:12
318.0,260.0,2018-11-04 19:56:13
316.5,255.0,2018-11-04 19:56:13
318.0,260.0,2018-11-04 19:56:13
318.0,262.0,2018-11-04 19:56:13
316.5,265.0,2018-11-04 19:56:13
318.0,308.0,2018-11-04 19:56:13
316.5,302.0,2018-11-04 19:56:14
316.5,303.5,2018-11-04 19:56:14
314.5,266.0,2018-11-04 19:56:14
313.5,291.0,2018-11-04 19:56:14
310.0,270.0,2018-11-04 19:56:14
315.5,266.0,2018-11-04 19:56:14
315.0,292.5,2018-11-04 19:56:15
,,2018-11-04 19:56:15
,,2018-11-04 19:56:15
,,2018-11-04 19:56:15
,,2018-11-04 19:56:15
,,2018-11-04 19:56:15
,,2018-11-04 19:56:15
,,2018-11-04 19:56:16
,,2018-11-04 19:56:16
,,2018-11-04 19:56:16
343.0,288.0,2018-11-04 19:56:16
294.5,253.5,2018-11-04 19:56:16
295.0,240.0,2018-11-04 19:56:16
296.0,250.0,2018-11-04 19:56:17
296.0,277.0,2018-11-04 19:56:17
264.5,244.0,2018-11-04 19:56:17
297.5,269.5,2018-11-04 19:56:17
265.5,242.5,2018-11-04 19:56:17
299.5,255.0,2018-11-04 19:56:17
300.5,243.5,2018-11-04 19:56:18
299.5,266.0,2018-11-04 19:56:18
299.5,241.0,2018-11-04 19:56:18
296.0,266.0,2018-11-04 19:56:18
297.5,250.0,2018-11-04 19:56:18
296.0,241.0,2018-11-04 19:56:18
263.5,251.0,2018-11-04 19:56:18
262.5,283.5,2018-11-04 19:56:19
260.5,254.5,2018-11-04 19:56:19
294.5,272.5,2018-11-04 19:56:19
261.5,261.5,2018-11-04 19:56:19
293.5,281.0,2018-11-04 19:56:19
260.5,282.5,2018-11-04 19:56:19
260.5,252.5,2018-11-04 19:56:20
296.5,260.5,2018-11-04 19:56:20
291.5,266.0,2018-11-04 19:56:20
262.5,249.0,2018-11-04 19:56:20
260.5,257.0,2018-11-04 19:56:20
294.0,252.0,2018-11-04 19:56:20
265.0,269.0,2018-11-04 19:56:21
295.5,272.5,2018-11-04 19:56:21
261.5,247.5,2018-11-04 19:56:21
260.5,252.5,2018-11-04 19:56:21
261.5,258.5,2018-11-04 19:56:21
259.5,252.5,2018-11-04 19:56:21
289.5,257.0,2018-11-04 19:56:21
289.5,282.5,2018-11-04 19:56:22
258.5,256.5,2018-11-04 19:56:22
258.5,247.0,2018-11-04 19:56:22
258.5,252.5,2018-11-04 19:56:22
288.5,250.5,2018-11-04 19:56:22
288.5,270.5,2018-11-04 19:56:22
257.5,251.5,2018-11-04 19:56:23
288.5,270.5,2018-11-04 19:56:23
288.5,251.5,2018-11-04 19:56:23
288.5,265.0,2018-11-04 19:56:23
289.5,247.0,2018-11-04 19:56:23
259.5,276.5,2018-11-04 19:56:23
291.0,247.0,2018-11-04 19:56:24
292.5,254.0,2018-11-04 19:56:24
259.5,249.5,2018-11-04 19:56:24
285.5,261.5,2018-11-04 19:56:24
300.0,258.5,2018-11-04 19:56:24
272.0,255.5,2018-11-04 19:56:24
310.5,262.5,2018-11-04 19:56:25
195.5,280.0,2018-11-04 19:56:25
203.0,181.5,2018-11-04 19:56:25
,,2018-11-04 19:56:25
,,2018-11-04 19:56:25
,,2018-11-04 19:56:25
,,2018-11-04 19:56:25
,,2018-11-04 19:56:26
328.5,141.5,2018-11-04 19:56:26
,,2018-11-04 19:56:26
,,2018-11-04 19:56:26
322.0,134.0,2018-11-04 19:56:26
,,2018-11-04 19:56:26
,,2018-11-04 19:56:27
285.5,147.0,2018-11-04 19:56:27
282.5,149.5,2018-11-04 19:56:27
280.5,149.5,2018-11-04 19:56:27
,,2018-11-04 19:56:27
,,2018-11-04 19:56:27
,,2018-11-04 19:56:28
,,2018-11-04 19:56:28
,,2018-11-04 19:56:28
231.0,291.5,2018-11-04 19:56:28
229.5,265.0,2018-11-04 19:56:28
,,2018-11-04 19:56:28
,,2018-11-04 19:56:29
,,2018-11-04 19:56:29
,,2018-11-04 19:56:29
,,2018-11-04 19:56:29
,,2018-11-04 19:56:29
,,2018-11-04 19:56:29
,,2018-11-04 19:56:29
,,2018-11-04 19:56:30
,,2018-11-04 19:56:30
,,2018-11-04 19:56:30
,,2018-11-04 19:56:30
,,2018-11-04 19:56:30
,,2018-11-04 19:56:30
,,2018-11-04 19:56:31
,,2018-11-04 19:56:31
,,2018-11-04 19:56:31
,,2018-11-04 19:56:31
,,2018-11-04 19:56:31
,,2018-11-04 19:56:31
,,2018-11-04 19:56:32
,,2018-11-04 19:56:32
,,2018-11-04 19:56:32
,,2018-11-04 19:56:32
,,2018-11-04 19:56:32
,,2018-11-04 19:56:32
,,2018-11-04 19:56:33
,,2018-11-04 19:56:33
,,2018-11-04 19:56:33
,,2018-11-04 19:56:33
,,2018-11-04 19:56:33
,,2018-11-04 19:56:33
,,2018-11-04 19:56:33
456.5,129.0,2018-11-04 19:56:34
262.0,251.5,2018-11-04 19:56:34
,,2018-11-04 19:56:34
,,2018-11-04 19:56:34
,,2018-11-04 19:56:34
,,2018-11-04 19:56:34
,,2018-11-04 19:56:35
,,2018-11-04 19:56:35
,,2018-11-04 19:56:35
,,2018-11-04 19:56:35
,,2018-11-04 19:56:35
,,2018-11-04 19:56:35
,,2018-11-04 19:56:36
,,2018-11-04 19:56:36
,,2018-11-04 19:56:36
,,2018-11-04 19:56:36
,,2018-11-04 19:56:36
,,2018-11-04 19:56:36
,,2018-11-04 19:56:36
,,2018-11-04 19:56:37
,,2018-11-04 19:56:37
,,2018-11-04 19:56:37
,,2018-11-04 19:56:37
,,2018-11-04 19:56:37
,,2018-11-04 19:56:37
,,2018-11-04 19:56:38
,,2018-11-04 19:56:38
,,2018-11-04 19:56:38
,,2018-11-04 19:56:38
,,2018-11-04 19:56:38
,,2018-11-04 19:56:38
,,2018-11-04 19:56:39
,,2018-11-04 19:56:39
,,2018-11-04 19:56:39
,,2018-11-04 19:56:39
,,2018-11-04 19:56:39
,,2018-11-04 19:56:39
,,2018-11-04 19:56:40
,,2018-11-04 19:56:40
,,2018-11-04 19:56:40
,,2018-11-04 19:56:40
,,2018-11-04 19:56:40
,,2018-11-04 19:56:40
,,2018-11-04 19:56:40
,,2018-11-04 19:56:41
,,2018-11-04 19:56:41
,,2018-11-04 19:56:41
341.0,324.0,2018-11-04 19:56:41
435.0,320.0,2018-11-04 19:56:41
,,2018-11-04 19:56:41
,,2018-11-04 19:56:42
,,2018-11-04 19:56:42
,,2018-11-04 19:56:42
,,2018-11-04 19:56:42
,,2018-11-04 19:56:42
,,2018-11-04 19:56:42
,,2018-11-04 19:56:43
,,2018-11-04 19:56:43
,,2018-11-04 19:56:43
,,2018-11-04 19:56:43
,,2018-11-04 19:56:43
,,2018-11-04 19:56:43
,,2018-11-04 19:56:44
,,2018-11-04 19:56:44
,,2018-11-04 19:56:44
,,2018-11-04 19:56:44
,,2018-11-04 19:56:44
,,2018-11-04 19:56:44
,,2018-11-04 19:56:44
,,2018-11-04 19:56:45
389.0,274.0,2018-11-04 19:56:45
,,2018-11-04 19:56:45
,,2018-11-04 19:56:45
,,2018-11-04 19:56:45
,,2018-11-04 19:56:45
,,2018-11-04 19:56:46
,,2018-11-04 19:56:46
,,2018-11-04 19:56:46
,,2018-11-04 19:56:46
,,2018-11-04 19:56:46
,,2018-11-04 19:56:46
345.0,123.0,2018-11-04 19:56:47
,,2018-11-04 19:56:47
,,2018-11-04 19:56:47
,,2018-11-04 19:56:47
,,2018-11-04 19:56:47
,,2018-11-04 19:56:47
,,2018-11-04 19:56:48
,,2018-11-04 19:56:48
,,2018-11-04 19:56:48
,,2018-11-04 19:56:48
,,2018-11-04 19:56:48
,,2018-11-04 19:56:49
,,2018-11-04 19:56:49
,,2018-11-04 19:56:49
,,2018-11-04 19:56:49
,,2018-11-04 19:56:49
,,2018-11-04 19:56:49
,,2018-11-04 19:56:50
,,2018-11-04 19:56:50
,,2018-11-04 19:56:50
,,2018-11-04 19:56:50
,,2018-11-04 19:56:50
,,2018-11-04 19:56:50
,,2018-11-04 19:56:51
,,2018-11-04 19:56:51
,,2018-11-04 19:56:51
,,2018-11-04 19:56:51
,,2018-11-04 19:56:51
,,2018-11-04 19:56:51
,,2018-11-04 19:56:52
,,2018-11-04 19:56:52
,,2018-11-04 19:56:52
,,2018-11-04 19:56:52
,,2018-11-04 19:56:52
,,2018-11-04 19:56:52
,,2018-11-04 19:56:52
,,2018-11-04 19:56:53
,,2018-11-04 19:56:53
,,2018-11-04 19:56:53
,,2018-11-04 19:56:53
,,2018-11-04 19:56:53
,,2018-11-04 19:56:53
,,2018-11-04 19:56:54
,,2018-11-04 19:56:54
,,2018-11-04 19:56:54
,,2018-11-04 19:56:54
,,2018-11-04 19:56:54
,,2018-11-04 19:56:54
,,2018-11-04 19:56:55
,,2018-11-04 19:56:55
229.0,186.0,2018-11-04 19:56:55
232.0,188.0,2018-11-04 19:56:55
206.0,261.0,2018-11-04 19:56:55
207.5,258.5,2018-11-04 19:56:55
208.5,259.5,2018-11-04 19:56:56
241.5,259.5,2018-11-04 19:56:56
238.0,263.0,2018-11-04 19:56:56
207.0,255.5,2018-11-04 19:56:56
238.5,259.5,2018-11-04 19:56:56
208.5,259.5,2018-11-04 19:56:56
238.5,256.5,2018-11-04 19:56:56
,,2018-11-04 19:56:57
239.0,184.0,2018-11-04 19:56:57
206.5,253.0,2018-11-04 19:56:57
236.5,185.0,2018-11-04 19:56:57
235.5,186.0,2018-11-04 19:56:57
205.0,264.0,2018-11-04 19:56:57
235.5,185.5,2018-11-04 19:56:58
234.5,186.5,2018-11-04 19:56:58
,,2018-11-04 19:56:58
230.5,186.0,2018-11-04 19:56:58
202.0,254.0,2018-11-04 19:56:58
206.5,259.5,2018-11-04 19:56:58
236.0,188.0,2018-11-04 19:56:59
204.5,257.0,2018-11-04 19:56:59
240.0,185.0,2018-11-04 19:56:59
209.5,235.5,2018-11-04 19:56:59
208.5,259.5,2018-11-04 19:56:59
237.5,259.5,2018-11-04 19:56:59
235.5,260.5,2018-11-04 19:56:59
238.0,265.0,2018-11-04 19:57:00
237.0,264.0,2018-11-04 19:57:00
236.5,259.5,2018-11-04 19:57:00
236.5,261.5,2018-11-04 19:57:00
236.0,266.0,2018-11-04 19:57:00
235.5,261.5,2018-11-04 19:57:00
206.0,265.0,2018-11-04 19:57:01
235.0,265.0,2018-11-04 19:57:01
202.5,258.5,2018-11-04 19:57:01
235.5,258.5,2018-11-04 19:57:01
203.5,261.5,2018-11-04 19:57:01
236.0,265.0,2018-11-04 19:57:01
202.5,248.5,2018-11-04 19:57:02
206.5,261.5,2018-11-04 19:57:02
206.0,266.0,2018-11-04 19:57:02
203.5,261.5,2018-11-04 19:57:02
201.5,258.5,2018-11-04 19:57:02
204.0,265.0,2018-11-04 19:57:02
200.5,259.5,2018-11-04 19:57:03
200.0,255.0,2018-11-04 19:57:03
201.0,261.5,2018-11-04 19:57:03
233.5,199.5,2018-11-04 19:57:03
198.5,259.5,2018-11-04 19:57:03
200.0,267.0,2018-11-04 19:57:03
228.5,264.0,2018-11-04 19:57:03
195.5,237.5,2018-11-04 19:57:04
,,2018-11-04 19:57:04
231.0,267.0,2018-11-04 19:57:04
197.5,256.0,2018-11-04 19:57:04
,,2018-11-04 19:57:04
,,2018-11-04 19:57:04
199.5,263.0,2018-11-04 19:57:05
203.0,266.0,2018-11-04 19:57:05
205.0,265.0,2018-11-04 19:57:05
205.5,261.5,2018-11-04 19:57:05
206.5,260.5,2018-11-04 19:57:05
241.0,263.0,2018-11-04 19:57:05
,,2018-11-04 19:57:06
243.5,199.5,2018-11-04 19:57:06
238.5,204.5,2018-11-04 19:57:06
,,2018-11-04 19:57:06
,,2018-11-04 19:57:06
242.5,256.0,2018-11-04 19:57:06
444.5,128.0,2018-11-04 19:57:07
,,2018-11-04 19:57:07
,,2018-11-04 19:57:07
,,2018-11-04 19:57:07
,,2018-11-04 19:57:07
,,2018-11-04 19:57:07
,,2018-11-04 19:57:07
252.5,259.5,2018-11-04 19:57:08
,,2018-11-04 19:57:08
,,2018-11-04 19:57:08
263.0,171.0,2018-11-04 19:57:08
264.5,168.0,2018-11-04 19:57:08
275.0,199.0,2018-11-04 19:57:08
455.0,180.5,2018-11-04 19:57:09
455.0,180.5,2018-11-04 19:57:09
455.0,180.5,2018-11-04 19:57:09
453.5,185.0,2018-11-04 19:57:09
455.0,179.0,2018-11-04 19:57:09
453.5,182.0,2018-11-04 19:57:09
455.0,133.0,2018-11-04 19:57:10
452.5,130.0,2018-11-04 19:57:10
455.0,181.5,2018-11-04 19:57:10
455.0,180.5,2018-11-04 19:57:10
453.5,186.0,2018-11-04 19:57:10
453.5,186.0,2018-11-04 19:57:10
,,2018-11-04 19:57:11
,,2018-11-04 19:57:11
,,2018-11-04 19:57:11
,,2018-11-04 19:57:11
,,2018-11-04 19:57:11
,,2018-11-04 19:57:11
,,2018-11-04 19:57:11
,,2018-11-04 19:57:12
455.0,179.0,2018-11-04 19:57:12
453.5,186.0,2018-11-04 19:57:12
,,2018-11-04 19:57:12
,,2018-11-04 19:57:12
,,2018-11-04 19:57:12
455.0,180.5,2018-11-04 19:57:13
452.5,130.0,2018-11-04 19:57:13
453.5,157.5,2018-11-04 19:57:13
288.5,163.5,2018-11-04 19:57:13
453.0,133.0,2018-11-04 19:57:13
455.0,181.5,2018-11-04 19:57:13
455.0,177.0,2018-11-04 19:57:14
,,2018-11-04 19:57:14
,,2018-11-04 19:57:14
,,2018-11-04 19:57:14
,,2018-11-04 19:57:14
,,2018-11-04 19:57:14
,,2018-11-04 19:57:15
455.0,177.0,2018-11-04 19:57:15
453.5,186.0,2018-11-04 19:57:15
455.0,177.0,2018-11-04 19:57:15
455.0,181.5,2018-11-04 19:57:15
454.5,169.5,2018-11-04 19:57:15
455.0,180.5,2018-11-04 19:57:16
450.5,130.0,2018-11-04 19:57:16
450.0,131.0,2018-11-04 19:57:16
294.5,266.0,2018-11-04 19:57:16
453.5,173.0,2018-11-04 19:57:16
285.0,238.5,2018-11-04 19:57:16
302.0,196.0,2018-11-04 19:57:16
453.5,173.0,2018-11-04 19:57:17
452.5,130.0,2018-11-04 19:57:17
453.5,173.0,2018-11-04 19:57:17
294.5,254.0,2018-11-04 19:57:17
450.0,131.0,2018-11-04 19:57:17
450.5,130.0,2018-11-04 19:57:17
457.5,168.0,2018-11-04 19:57:18
454.5,169.5,2018-11-04 19:57:18
450.5,161.0,2018-11-04 19:57:18
453.5,174.5,2018-11-04 19:57:18
288.5,161.5,2018-11-04 19:57:18
,,2018-11-04 19:57:18
,,2018-11-04 19:57:19
,,2018-11-04 19:57:19
,,2018-11-04 19:57:19
,,2018-11-04 19:57:19
,,2018-11-04 19:57:19
,,2018-11-04 19:57:19
,,2018-11-04 19:57:20
,,2018-11-04 19:57:20
,,2018-11-04 19:57:20
,,2018-11-04 19:57:20
,,2018-11-04 19:57:20
,,2018-11-04 19:57:20
,,2018-11-04 19:57:20
,,2018-11-04 19:57:21
,,2018-11-04 19:57:21
,,2018-11-04 19:57:21
,,2018-11-04 19:57:21
,,2018-11-04 19:57:21
,,2018-11-04 19:57:21
,,2018-11-04 19:57:22
,,2018-11-04 19:57:22
,,2018-11-04 19:57:22
,,2018-11-04 19:57:22
,,2018-11-04 19:57:22
,,2018-11-04 19:57:22
,,2018-11-04 19:57:23
,,2018-11-04 19:57:23
,,2018-11-04 19:57:23
,,2018-11-04 19:57:23
,,2018-11-04 19:57:23
,,2018-11-04 19:57:23
,,2018-11-04 19:57:24
,,2018-11-04 19:57:24
,,2018-11-04 19:57:24
,,2018-11-04 19:57:24
,,2018-11-04 19:57:24
,,2018-11-04 19:57:24
,,2018-11-04 19:57:25
,,2018-11-04 19:57:25
,,2018-11-04 19:57:25
,,2018-11-04 19:57:25
,,2018-11-04 19:57:25
,,2018-11-04 19:57:25
,,2018-11-04 19:57:25
,,2018-11-04 19:57:26
,,2018-11-04 19:57:26
,,2018-11-04 19:57:26
,,2018-11-04 19:57:26
,,2018-11-04 19:57:26
,,2018-11-04 19:57:26
,,2018-11-04 19:57:27
,,2018-11-04 19:57:27
,,2018-11-04 19:57:27
,,2018-11-04 19:57:27
,,2018-11-04 19:57:27
,,2018-11-04 19:57:27
,,2018-11-04 19:57:28
,,2018-11-04 19:57:28
,,2018-11-04 19:57:28
,,2018-11-04 19:57:28
,,2018-11-04 19:57:28
,,2018-11-04 19:57:28
,,2018-11-04 19:57:28
,,2018-11-04 19:57:29
,,2018-11-04 19:57:29
,,2018-11-04 19:57:29
,,2018-11-04 19:57:29
,,2018-11-04 19:57:29
,,2018-11-04 19:57:29
,,2018-11-04 19:57:30
,,2018-11-04 19:57:30
,,2018-11-04 19:57:30
,,2018-11-04 19:57:30
,,2018-11-04 19:57:30
,,2018-11-04 19:57:30
,,2018-11-04 19:57:31
,,2018-11-04 19:57:31
,,2018-11-04 19:57:31
,,2018-11-04 19:57:31
,,2018-11-04 19:57:31
,,2018-11-04 19:57:31
,,2018-11-04 19:57:32
,,2018-11-04 19:57:32
,,2018-11-04 19:57:32
,,2018-11-04 19:57:32
,,2018-11-04 19:57:32
,,2018-11-04 19:57:32
,,2018-11-04 19:57:33
,,2018-11-04 19:57:33
,,2018-11-04 19:57:33
,,2018-11-04 19:57:33
,,2018-11-04 19:57:33
,,2018-11-04 19:57:33
,,2018-11-04 19:57:33
,,2018-11-04 19:57:34
,,2018-11-04 19:57:34
,,2018-11-04 19:57:34
,,2018-11-04 19:57:34
,,2018-11-04 19:57:34
,,2018-11-04 19:57:34
,,2018-11-04 19:57:35
,,2018-11-04 19:57:35
,,2018-11-04 19:57:35
,,2018-11-04 19:57:35
,,2018-11-04 19:57:35
,,2018-11-04 19:57:35
,,2018-11-04 19:57:36
,,2018-11-04 19:57:36
,,2018-11-04 19:57:36
,,2018-11-04 19:57:36
,,2018-11-04 19:57:36
,,2018-11-04 19:57:36
,,2018-11-04 19:57:36
,,2018-11-04 19:57:37
,,2018-11-04 19:57:37
,,2018-11-04 19:57:37
,,2018-11-04 19:57:37
,,2018-11-04 19:57:37
,,2018-11-04 19:57:37
,,2018-11-04 19:57:38
,,2018-11-04 19:57:38
,,2018-11-04 19:57:38
,,2018-11-04 19:57:38
,,2018-11-04 19:57:38
,,2018-11-04 19:57:38
,,2018-11-04 19:57:39
,,2018-11-04 19:57:39
,,2018-11-04 19:57:39
,,2018-11-04 19:57:39
,,2018-11-04 19:57:39
,,2018-11-04 19:57:39
,,2018-11-04 19:57:40
,,2018-11-04 19:57:40
,,2018-11-04 19:57:40
,,2018-11-04 19:57:40
,,2018-11-04 19:57:40
,,2018-11-04 19:57:40
,,2018-11-04 19:57:40
,,2018-11-04 19:57:41
,,2018-11-04 19:57:41
,,2018-11-04 19:57:41
,,2018-11-04 19:57:41
,,2018-11-04 19:57:41
,,2018-11-04 19:57:41
,,2018-11-04 19:57:42
,,2018-11-04 19:57:42
,,2018-11-04 19:57:42
,,2018-11-04 19:57:42
,,2018-11-04 19:57:42
,,2018-11-04 19:57:42
,,2018-11-04 19:57:43
,,2018-11-04 19:57:43
,,2018-11-04 19:57:43
,,2018-11-04 19:57:43
,,2018-11-04 19:57:43
,,2018-11-04 19:57:43
,,2018-11-04 19:57:43
,,2018-11-04 19:57:44
,,2018-11-04 19:57:44
,,2018-11-04 19:57:44
,,2018-11-04 19:57:44
,,2018-11-04 19:57:44
,,2018-11-04 19:57:44
,,2018-11-04 19:57:45
,,2018-11-04 19:57:45
,,2018-11-04 19:57:45
,,2018-11-04 19:57:45
,,2018-11-04 19:57:45
,,2018-11-04 19:57:45
,,2018-11-04 19:57:46
,,2018-11-04 19:57:46
,,2018-11-04 19:57:46
,,2018-11-04 19:57:46
,,2018-11-04 19:57:46
,,2018-11-04 19:57:46
,,2018-11-04 19:57:47
,,2018-11-04 19:57:47
,,2018-11-04 19:57:47
,,2018-11-04 19:57:47
,,2018-11-04 19:57:47
,,2018-11-04 19:57:47
,,2018-11-04 19:57:48
,,2018-11-04 19:57:48
,,2018-11-04 19:57:48
,,2018-11-04 19:57:48
,,2018-11-04 19:57:48
,,2018-11-04 19:57:48
,,2018-11-04 19:57:49
,,2018-11-04 19:57:49
,,2018-11-04 19:57:49
,,2018-11-04 19:57:49
,,2018-11-04 19:57:49
,,2018-11-04 19:57:49
,,2018-11-04 19:57:50
,,2018-11-04 19:57:50
,,2018-11-04 19:57:50
,,2018-11-04 19:57:50
,,2018-11-04 19:57:50
,,2018-11-04 19:57:50
,,2018-11-04 19:57:51
,,2018-11-04 19:57:51
,,2018-11-04 19:57:51
,,2018-11-04 19:57:51
,,2018-11-04 19:57:51
,,2018-11-04 19:57:51
,,2018-11-04 19:57:52
,,2018-11-04 19:57:52
,,2018-11-04 19:57:52
,,2018-11-04 19:57:52
,,2018-11-04 19:57:52
,,2018-11-04 19:57:52
,,2018-11-04 19:57:52
,,2018-11-04 19:57:53
,,2018-11-04 19:57:53
,,2018-11-04 19:57:53
,,2018-11-04 19:57:53
,,2018-11-04 19:57:53
,,2018-11-04 19:57:53
,,2018-11-04 19:57:54
,,2018-11-04 19:57:54
,,2018-11-04 19:57:54
,,2018-11-04 19:57:54
,,2018-11-04 19:57:54
,,2018-11-04 19:57:54
,,2018-11-04 19:57:55
,,2018-11-04 19:57:55
,,2018-11-04 19:57:55
,,2018-11-04 19:57:55
,,2018-11-04 19:57:55
,,2018-11-04 19:57:55
,,2018-11-04 19:57:56
,,2018-11-04 19:57:56
,,2018-11-04 19:57:56
,,2018-11-04 19:57:56
,,2018-11-04 19:57:56
,,2018-11-04 19:57:56
,,2018-11-04 19:57:56
,,2018-11-04 19:57:57
,,2018-11-04 19:57:57
,,2018-11-04 19:57:57
,,2018-11-04 19:57:57
,,2018-11-04 19:57:57
,,2018-11-04 19:57:57
,,2018-11-04 19:57:58
,,2018-11-04 19:57:58
,,2018-11-04 19:57:58
,,2018-11-04 19:57:58
,,2018-11-04 19:57:58
,,2018-11-04 19:57:58
,,2018-11-04 19:57:59
,,2018-11-04 19:57:59
,,2018-11-04 19:57:59
,,2018-11-04 19:57:59
,,2018-11-04 19:57:59
,,2018-11-04 19:57:59
,,2018-11-04 19:58:00
,,2018-11-04 19:58:00
,,2018-11-04 19:58:00
,,2018-11-04 19:58:00
,,2018-11-04 19:58:00
,,2018-11-04 19:58:00
,,2018-11-04 19:58:00
,,2018-11-04 19:58:01
,,2018-11-04 19:58:01
,,2018-11-04 19:58:01
,,2018-11-04 19:58:01
,,2018-11-04 19:58:01
,,2018-11-04 19:58:01
,,2018-11-04 19:58:02
,,2018-11-04 19:58:02
,,2018-11-04 19:58:02
,,2018-11-04 19:58:02
,,2018-11-04 19:58:02
,,2018-11-04 19:58:02
,,2018-11-04 19:58:03
,,2018-11-04 19:58:03
,,2018-11-04 19:58:03
,,2018-11-04 19:58:03
,,2018-11-04 19:58:03
,,2018-11-04 19:58:03
,,2018-11-04 19:58:04
,,2018-11-04 19:58:04
,,2018-11-04 19:58:04
,,2018-11-04 19:58:04
,,2018-11-04 19:58:04
,,2018-11-04 19:58:04
,,2018-11-04 19:58:05
,,2018-11-04 19:58:05
,,2018-11-04 19:58:05
,,2018-11-04 19:58:05
,,2018-11-04 19:58:05
,,2018-11-04 19:58:05
,,2018-11-04 19:58:05
,,2018-11-04 19:58:06
,,2018-11-04 19:58:06
,,2018-11-04 19:58:06
,,2018-11-04 19:58:06
,,2018-11-04 19:58:06
,,2018-11-04 19:58:06
,,2018-11-04 19:58:07
,,2018-11-04 19:58:07
,,2018-11-04 19:58:07
,,2018-11-04 19:58:07
,,2018-11-04 19:58:07
,,2018-11-04 19:58:07
,,2018-11-04 19:58:08
,,2018-11-04 19:58:08
,,2018-11-04 19:58:08
,,2018-11-04 19:58:08
,,2018-11-04 19:58:08
,,2018-11-04 19:58:08
,,2018-11-04 19:58:09
,,2018-11-04 19:58:09
,,2018-11-04 19:58:09
,,2018-11-04 19:58:09
,,2018-11-04 19:58:09
,,2018-11-04 19:58:09
,,2018-11-04 19:58:09
,,2018-11-04 19:58:10
,,2018-11-04 19:58:10
,,2018-11-04 19:58:10
,,2018-11-04 19:58:10
,,2018-11-04 19:58:10
,,2018-11-04 19:58:10
,,2018-11-04 19:58:11
,,2018-11-04 19:58:11
,,2018-11-04 19:58:11
,,2018-11-04 19:58:11
,,2018-11-04 19:58:11
,,2018-11-04 19:58:11
,,2018-11-04 19:58:12
,,2018-11-04 19:58:12
,,2018-11-04 19:58:12
,,2018-11-04 19:58:12
,,2018-11-04 19:58:12
,,2018-11-04 19:58:12
,,2018-11-04 19:58:12
,,2018-11-04 19:58:13
,,2018-11-04 19:58:13
,,2018-11-04 19:58:13
,,2018-11-04 19:58:13
,,2018-11-04 19:58:13
,,2018-11-04 19:58:13
,,2018-11-04 19:58:14
,,2018-11-04 19:58:14
,,2018-11-04 19:58:14
,,2018-11-04 19:58:14
,,2018-11-04 19:58:14
,,2018-11-04 19:58:14
,,2018-11-04 19:58:15
,,2018-11-04 19:58:15
,,2018-11-04 19:58:15
,,2018-11-04 19:58:15
,,2018-11-04 19:58:15
,,2018-11-04 19:58:15
,,2018-11-04 19:58:16
,,2018-11-04 19:58:16
,,2018-11-04 19:58:16
,,2018-11-04 19:58:16
,,2018-11-04 19:58:16
,,2018-11-04 19:58:16
,,2018-11-04 19:58:16
,,2018-11-04 19:58:17
,,2018-11-04 19:58:17
,,2018-11-04 19:58:17
,,2018-11-04 19:58:17
,,2018-11-04 19:58:17
,,2018-11-04 19:58:17
,,2018-11-04 19:58:18
,,2018-11-04 19:58:18
,,2018-11-04 19:58:18
,,2018-11-04 19:58:18
,,2018-11-04 19:58:18
,,2018-11-04 19:58:18
,,2018-11-04 19:58:19
,,2018-11-04 19:58:19
,,2018-11-04 19:58:19
,,2018-11-04 19:58:19
,,2018-11-04 19:58:19
,,2018-11-04 19:58:19
,,2018-11-04 19:58:20
,,2018-11-04 19:58:20
,,2018-11-04 19:58:20
,,2018-11-04 19:58:20
,,2018-11-04 19:58:20
,,2018-11-04 19:58:20
,,2018-11-04 19:58:21
,,2018-11-04 19:58:21
,,2018-11-04 19:58:21
,,2018-11-04 19:58:21
,,2018-11-04 19:58:21
,,2018-11-04 19:58:21
,,2018-11-04 19:58:21
409.0,148.0,2018-11-04 19:58:22
411.0,146.0,2018-11-04 19:58:22
412.0,128.0,2018-11-04 19:58:22
,,2018-11-04 19:58:22
,,2018-11-04 19:58:22
,,2018-11-04 19:58:22
,,2018-11-04 19:58:23
,,2018-11-04 19:58:23
,,2018-11-04 19:58:23
,,2018-11-04 19:58:23
,,2018-11-04 19:58:23
,,2018-11-04 19:58:23
,,2018-11-04 19:58:24
,,2018-11-04 19:58:24
,,2018-11-04 19:58:24
,,2018-11-04 19:58:24
,,2018-11-04 19:58:24
,,2018-11-04 19:58:24
,,2018-11-04 19:58:25
,,2018-11-04 19:58:25
,,2018-11-04 19:58:25
,,2018-11-04 19:58:25
,,2018-11-04 19:58:25
,,2018-11-04 19:58:25
,,2018-11-04 19:58:25
,,2018-11-04 19:58:26
,,2018-11-04 19:58:26
,,2018-11-04 19:58:26
,,2018-11-04 19:58:26
,,2018-11-04 19:58:26
,,2018-11-04 19:58:26
,,2018-11-04 19:58:27
,,2018-11-04 19:58:27
,,2018-11-04 19:58:27
,,2018-11-04 19:58:27
,,2018-11-04 19:58:27
,,2018-11-04 19:58:27
,,2018-11-04 19:58:28
,,2018-11-04 19:58:28
,,2018-11-04 19:58:28
,,2018-11-04 19:58:28
,,2018-11-04 19:58:28
,,2018-11-04 19:58:28
,,2018-11-04 19:58:29
,,2018-11-04 19:58:29
,,2018-11-04 19:58:29
,,2018-11-04 19:58:29
,,2018-11-04 19:58:29
,,2018-11-04 19:58:29
,,2018-11-04 19:58:30
,,2018-11-04 19:58:30
,,2018-11-04 19:58:30
,,2018-11-04 19:58:30
,,2018-11-04 19:58:30
,,2018-11-04 19:58:30
,,2018-11-04 19:58:31
,,2018-11-04 19:58:31
,,2018-11-04 19:58:31
,,2018-11-04 19:58:31
,,2018-11-04 19:58:31
,,2018-11-04 19:58:31
193.5,287.0,2018-11-04 19:58:32
193.0,227.0,2018-11-04 19:58:32
192.5,263.0,2018-11-04 19:58:32
,,2018-11-04 19:58:32
,,2018-11-04 19:58:32
,,2018-11-04 19:58:32
,,2018-11-04 19:58:33
,,2018-11-04 19:58:33
,,2018-11-04 19:58:33
,,2018-11-04 19:58:33
,,2018-11-04 19:58:33
,,2018-11-04 19:58:33
,,2018-11-04 19:58:33
,,2018-11-04 19:58:34
,,2018-11-04 19:58:34
,,2018-11-04 19:58:34
,,2018-11-04 19:58:34
,,2018-11-04 19:58:34
,,2018-11-04 19:58:34
,,2018-11-04 19:58:35
,,2018-11-04 19:58:35
,,2018-11-04 19:58:35
,,2018-11-04 19:58:35
,,2018-11-04 19:58:35
,,2018-11-04 19:58:35
,,2018-11-04 19:58:36
304.5,94.5,2018-11-04 19:58:36
,,2018-11-04 19:58:36
316.5,79.5,2018-11-04 19:58:36
278.0,183.0,2018-11-04 19:58:36
393.0,117.0,2018-11-04 19:58:36
393.0,109.0,2018-11-04 19:58:37
393.0,117.0,2018-11-04 19:58:37
,,2018-11-04 19:58:37
,,2018-11-04 19:58:37
,,2018-11-04 19:58:37
,,2018-11-04 19:58:37
,,2018-11-04 19:58:38
,,2018-11-04 19:58:38
,,2018-11-04 19:58:38
,,2018-11-04 19:58:38
,,2018-11-04 19:58:38
,,2018-11-04 19:58:38
241.5,151.0,2018-11-04 19:58:38
251.5,130.0,2018-11-04 19:58:39
252.0,133.0,2018-11-04 19:58:39
244.5,113.5,2018-11-04 19:58:39
248.5,186.5,2018-11-04 19:58:39
238.0,152.0,2018-11-04 19:58:39
246.5,154.5,2018-11-04 19:58:39
246.5,94.5,2018-11-04 19:58:40
250.0,128.0,2018-11-04 19:58:40
245.5,159.0,2018-11-04 19:58:40
247.5,156.0,2018-11-04 19:58:40
249.5,146.5,2018-11-04 19:58:40
249.0,152.0,2018-11-04 19:58:40
251.0,142.0,2018-11-04 19:58:41
249.5,130.0,2018-11-04 19:58:41
250.5,130.0,2018-11-04 19:58:41
249.5,129.5,2018-11-04 19:58:41
249.5,136.0,2018-11-04 19:58:41
250.5,129.5,2018-11-04 19:58:41
250.5,151.5,2018-11-04 19:58:42
249.5,129.5,2018-11-04 19:58:42
251.5,131.0,2018-11-04 19:58:42
250.0,134.5,2018-11-04 19:58:42
253.0,140.0,2018-11-04 19:58:42
254.0,139.0,2018-11-04 19:58:42
253.5,143.5,2018-11-04 19:58:43
253.0,141.0,2018-11-04 19:58:43
251.5,130.5,2018-11-04 19:58:43
252.0,136.0,2018-11-04 19:58:43
253.0,142.0,2018-11-04 19:58:43
253.0,136.0,2018-11-04 19:58:43
250.5,131.5,2018-11-04 19:58:44
254.0,142.0,2018-11-04 19:58:44
254.0,135.0,2018-11-04 19:58:44
256.0,135.0,2018-11-04 19:58:44
246.0,148.5,2018-11-04 19:58:44
260.0,156.0,2018-11-04 19:58:44
263.5,176.5,2018-11-04 19:58:45
270.0,169.0,2018-11-04 19:58:45
,,2018-11-04 19:58:45
,,2018-11-04 19:58:45
,,2018-11-04 19:58:45
266.0,187.0,2018-11-04 19:58:45
,,2018-11-04 19:58:45
,,2018-11-04 19:58:46
274.0,194.0,2018-11-04 19:58:46
271.5,160.0,2018-11-04 19:58:46
,,2018-11-04 19:58:46
272.0,168.0,2018-11-04 19:58:46
,,2018-11-04 19:58:46
,,2018-11-04 19:58:47
272.0,141.5,2018-11-04 19:58:47
269.5,184.5,2018-11-04 19:58:47
,,2018-11-04 19:58:47
275.0,113.0,2018-11-04 19:58:47
274.5,173.0,2018-11-04 19:58:47
275.0,172.0,2018-11-04 19:58:48
,,2018-11-04 19:58:48
271.0,178.0,2018-11-04 19:58:48
271.5,185.5,2018-11-04 19:58:48
272.0,165.5,2018-11-04 19:58:48
269.5,178.0,2018-11-04 19:58:48
270.5,182.5,2018-11-04 19:58:49
,,2018-11-04 19:58:49
270.5,181.0,2018-11-04 19:58:49
,,2018-11-04 19:58:49
,,2018-11-04 19:58:49
,,2018-11-04 19:58:49
,,2018-11-04 19:58:50
,,2018-11-04 19:58:50
,,2018-11-04 19:58:50
,,2018-11-04 19:58:50
,,2018-11-04 19:58:50
,,2018-11-04 19:58:50
,,2018-11-04 19:58:50
,,2018-11-04 19:58:51
,,2018-11-04 19:58:51
,,2018-11-04 19:58:51
,,2018-11-04 19:58:51
,,2018-11-04 19:58:51
,,2018-11-04 19:58:51
,,2018-11-04 19:58:52
,,2018-11-04 19:58:52
,,2018-11-04 19:58:52
,,2018-11-04 19:58:52
,,2018-11-04 19:58:52
,,2018-11-04 19:58:52
,,2018-11-04 19:58:53
,,2018-11-04 19:58:53
,,2018-11-04 19:58:53
,,2018-11-04 19:58:53
X,Y,Time Stamp
,,2018-11-04 19:59:15
,,2018-11-04 19:59:16
,,2018-11-04 19:59:16
,,2018-11-04 19:59:16
,,2018-11-04 19:59:16
,,2018-11-04 19:59:16
,,2018-11-04 19:59:16
,,2018-11-04 19:59:17
,,2018-11-04 19:59:17
,,2018-11-04 19:59:17
,,2018-11-04 19:59:17
,,2018-11-04 19:59:17
,,2018-11-04 19:59:17
,,2018-11-04 19:59:18
,,2018-11-04 19:59:18
,,2018-11-04 19:59:18
,,2018-11-04 19:59:18
,,2018-11-04 19:59:18
,,2018-11-04 19:59:18
,,2018-11-04 19:59:19
,,2018-11-04 19:59:19
,,2018-11-04 19:59:19
,,2018-11-04 19:59:19
,,2018-11-04 19:59:19
,,2018-11-04 19:59:19
,,2018-11-04 19:59:20
,,2018-11-04 19:59:20
,,2018-11-04 19:59:20
,,2018-11-04 19:59:20
,,2018-11-04 19:59:20
,,2018-11-04 19:59:20
,,2018-11-04 19:59:20
,,2018-11-04 19:59:21
,,2018-11-04 19:59:21
,,2018-11-04 19:59:21
,,2018-11-04 19:59:21
,,2018-11-04 19:59:21
,,2018-11-04 19:59:21
,,2018-11-04 19:59:22
,,2018-11-04 19:59:22
,,2018-11-04 19:59:22
,,2018-11-04 19:59:22
,,2018-11-04 19:59:22
,,2018-11-04 19:59:22
,,2018-11-04 19:59:23
,,2018-11-04 19:59:23
X,Y,Time Stamp
X,Y,Time Stamp
X,Y,Time Stamp
,,2018-11-04 20:14:54
,,2018-11-04 20:14:55
,,2018-11-04 20:14:55
,,2018-11-04 20:14:55
,,2018-11-04 20:14:55
,,2018-11-04 20:14:55
,,2018-11-04 20:14:56
,,2018-11-04 20:14:56
,,2018-11-04 20:14:56
,,2018-11-04 20:14:56
,,2018-11-04 20:14:56
,,2018-11-04 20:14:56
,,2018-11-04 20:14:56
,,2018-11-04 20:14:57
,,2018-11-04 20:14:57
,,2018-11-04 20:14:57
,,2018-11-04 20:14:57
,,2018-11-04 20:14:57
,,2018-11-04 20:14:57
,,2018-11-04 20:14:58
,,2018-11-04 20:14:58
,,2018-11-04 20:14:58
,,2018-11-04 20:14:58
,,2018-11-04 20:14:58
,,2018-11-04 20:14:58
,,2018-11-04 20:14:59
,,2018-11-04 20:14:59
X,Y,Time Stamp
X,Y,Time Stamp
X,Y,Time Stamp
X,Y,Time Stamp
X,Y,Time Stamp
X,Y,Time Stamp
,,2018-11-04 20:29:18
,,2018-11-04 20:29:18
,,2018-11-04 20:29:19
,,2018-11-04 20:29:19
,,2018-11-04 20:29:19
,,2018-11-04 20:29:19
,,2018-11-04 20:29:19
,,2018-11-04 20:29:19
,,2018-11-04 20:29:20
,,2018-11-04 20:29:20
,,2018-11-04 20:29:20
,,2018-11-04 20:29:20
,,2018-11-04 20:29:20
,,2018-11-04 20:29:20
,,2018-11-04 20:29:21
,,2018-11-04 20:29:21
,,2018-11-04 20:29:21
,,2018-11-04 20:29:21
,,2018-11-04 20:29:21
,,2018-11-04 20:29:21
,,2018-11-04 20:29:21
,,2018-11-04 20:29:22
,,2018-11-04 20:29:22
,,2018-11-04 20:29:22
,,2018-11-04 20:29:22
,,2018-11-04 20:29:22
,,2018-11-04 20:29:22
,,2018-11-04 20:29:23
,,2018-11-04 20:29:23
,,2018-11-04 20:29:23
,,2018-11-04 20:29:23
,,2018-11-04 20:29:23
,,2018-11-04 20:29:23
,,2018-11-04 20:29:24
,,2018-11-04 20:29:24
,,2018-11-04 20:29:24
,,2018-11-04 20:29:24
,,2018-11-04 20:29:24
,,2018-11-04 20:29:24
,,2018-11-04 20:29:25
,,2018-11-04 20:29:25
,,2018-11-04 20:29:25
,,2018-11-04 20:29:25
,,2018-11-04 20:29:25
,,2018-11-04 20:29:25
,,2018-11-04 20:29:26
,,2018-11-04 20:29:26
,,2018-11-04 20:29:26
,,2018-11-04 20:29:26
,,2018-11-04 20:29:26
,,2018-11-04 20:29:26
,,2018-11-04 20:29:26
,,2018-11-04 20:29:27
X,Y,Time Stamp
,,2018-11-04 20:30:39
,,2018-11-04 20:30:39
,,2018-11-04 20:30:40
,,2018-11-04 20:30:40
,,2018-11-04 20:30:40
,,2018-11-04 20:30:40
X,Y,Time Stamp
,,2018-11-04 20:35:39
,,2018-11-04 20:35:39
,,2018-11-04 20:35:39
,,2018-11-04 20:35:40
,,2018-11-04 20:35:40
,,2018-11-04 20:35:40
,,2018-11-04 20:35:40
X,Y,Time Stamp
,,2018-11-04 20:46:22
,,2018-11-04 20:46:22
,,2018-11-04 20:46:22
,,2018-11-04 20:46:22
,,2018-11-04 20:46:23
,,2018-11-04 20:46:23
,,2018-11-04 20:46:23
,,2018-11-04 20:46:23
,,2018-11-04 20:46:23
,,2018-11-04 20:46:23
,,2018-11-04 20:46:24
,,2018-11-04 20:46:24
,,2018-11-04 20:46:24
,,2018-11-04 20:46:24
,,2018-11-04 20:46:24
,,2018-11-04 20:46:24
,,2018-11-04 20:46:25
,,2018-11-04 20:46:25
,,2018-11-04 20:46:25
,,2018-11-04 20:46:25
,,2018-11-04 20:46:25
,,2018-11-04 20:46:25
,,2018-11-04 20:46:25
,,2018-11-04 20:46:26
,,2018-11-04 20:46:26
,,2018-11-04 20:46:26
,,2018-11-04 20:46:26
X,Y,Time Stamp
,,2018-11-04 20:46:46
,,2018-11-04 20:46:46
,,2018-11-04 20:46:46
,,2018-11-04 20:46:46
,,2018-11-04 20:46:46
,,2018-11-04 20:46:46
,,2018-11-04 20:46:47
,,2018-11-04 20:46:47
,,2018-11-04 20:46:47
,,2018-11-04 20:46:47
,,2018-11-04 20:46:47
,,2018-11-04 20:46:48
,,2018-11-04 20:46:48
,,2018-11-04 20:46:48
,,2018-11-04 20:46:48
,,2018-11-04 20:46:48
,,2018-11-04 20:46:48
,,2018-11-04 20:46:48
X,Y,Time Stamp
,,2018-11-04 20:49:08
,,2018-11-04 20:49:08
,,2018-11-04 20:49:08
,,2018-11-04 20:49:08
,,2018-11-04 20:49:09
,,2018-11-04 20:49:09
,,2018-11-04 20:49:09
,,2018-11-04 20:49:09
,,2018-11-04 20:49:09
,,2018-11-04 20:49:09
,,2018-11-04 20:49:10
,,2018-11-04 20:49:10
,,2018-11-04 20:49:10
,,2018-11-04 20:49:10
,,2018-11-04 20:49:10
,,2018-11-04 20:49:10
,,2018-11-04 20:49:11
,,2018-11-04 20:49:11
,,2018-11-04 20:49:11
,,2018-11-04 20:49:11
,,2018-11-04 20:49:11
271.5,235.0,2018-11-04 20:49:11
282.0,259.5,2018-11-04 20:49:12
282.0,209.5,2018-11-04 20:49:12
481.0,176.0,2018-11-04 20:49:12
480.0,178.0,2018-11-04 20:49:12
480.0,178.0,2018-11-04 20:49:12
,,2018-11-04 20:49:12
479.0,177.0,2018-11-04 20:49:13
478.0,177.0,2018-11-04 20:49:13
477.0,177.0,2018-11-04 20:49:13
275.5,289.5,2018-11-04 20:49:13
275.5,289.5,2018-11-04 20:49:13
478.0,177.0,2018-11-04 20:49:13
473.5,179.5,2018-11-04 20:49:14
478.0,177.0,2018-11-04 20:49:14
478.0,178.0,2018-11-04 20:49:14
,,2018-11-04 20:49:14
,,2018-11-04 20:49:14
,,2018-11-04 20:49:14
,,2018-11-04 20:49:15
,,2018-11-04 20:49:15
,,2018-11-04 20:49:15
,,2018-11-04 20:49:15
,,2018-11-04 20:49:15
,,2018-11-04 20:49:15
468.0,172.0,2018-11-04 20:49:16
,,2018-11-04 20:49:16
,,2018-11-04 20:49:16
487.0,206.0,2018-11-04 20:49:16
346.5,154.0,2018-11-04 20:49:16
350.0,186.0,2018-11-04 20:49:16
274.5,208.5,2018-11-04 20:49:17
272.0,208.5,2018-11-04 20:49:17
489.0,204.0,2018-11-04 20:49:17
334.5,180.0,2018-11-04 20:49:17
489.5,208.0,2018-11-04 20:49:17
,,2018-11-04 20:49:17
490.0,207.0,2018-11-04 20:49:18
,,2018-11-04 20:49:18
,,2018-11-04 20:49:18
347.5,219.0,2018-11-04 20:49:18
345.0,234.0,2018-11-04 20:49:18
347.5,194.0,2018-11-04 20:49:18
347.5,212.5,2018-11-04 20:49:19
346.5,217.5,2018-11-04 20:49:19
308.5,180.0,2018-11-04 20:49:19
311.5,244.5,2018-11-04 20:49:19
308.5,183.5,2018-11-04 20:49:19
314.0,262.0,2018-11-04 20:49:19
311.5,266.0,2018-11-04 20:49:20
312.5,261.5,2018-11-04 20:49:20
343.0,239.0,2018-11-04 20:49:20
344.0,230.0,2018-11-04 20:49:20
316.0,246.0,2018-11-04 20:49:20
315.5,245.0,2018-11-04 20:49:20
317.0,262.0,2018-11-04 20:49:21
316.0,265.0,2018-11-04 20:49:21
317.0,269.0,2018-11-04 20:49:21
312.0,262.0,2018-11-04 20:49:21
459.5,177.5,2018-11-04 20:49:21
,,2018-11-04 20:49:21
,,2018-11-04 20:49:21
,,2018-11-04 20:49:22
457.5,183.0,2018-11-04 20:49:22
,,2018-11-04 20:49:22
,,2018-11-04 20:49:22
,,2018-11-04 20:49:22
,,2018-11-04 20:49:23
456.5,179.5,2018-11-04 20:49:23
456.0,175.0,2018-11-04 20:49:23
,,2018-11-04 20:49:23
,,2018-11-04 20:49:23
134.0,303.0,2018-11-04 20:49:23
,,2018-11-04 20:49:24
,,2018-11-04 20:49:24
,,2018-11-04 20:49:24
,,2018-11-04 20:49:24
,,2018-11-04 20:49:24
,,2018-11-04 20:49:24
,,2018-11-04 20:49:24
,,2018-11-04 20:49:25
,,2018-11-04 20:49:25
,,2018-11-04 20:49:25
,,2018-11-04 20:49:25
,,2018-11-04 20:49:25
,,2018-11-04 20:49:25
,,2018-11-04 20:49:26
450.5,190.5,2018-11-04 20:49:26
450.0,187.0,2018-11-04 20:49:26
242.5,248.0,2018-11-04 20:49:26
234.0,250.0,2018-11-04 20:49:26
231.5,280.0,2018-11-04 20:49:26
232.5,212.5,2018-11-04 20:49:27
449.5,180.5,2018-11-04 20:49:27
450.5,175.0,2018-11-04 20:49:27
,,2018-11-04 20:49:27
,,2018-11-04 20:49:27
,,2018-11-04 20:49:27
,,2018-11-04 20:49:28
,,2018-11-04 20:49:28
,,2018-11-04 20:49:28
,,2018-11-04 20:49:28
,,2018-11-04 20:49:28
,,2018-11-04 20:49:28
,,2018-11-04 20:49:29
,,2018-11-04 20:49:29
,,2018-11-04 20:49:29
,,2018-11-04 20:49:29
,,2018-11-04 20:49:29
,,2018-11-04 20:49:29
,,2018-11-04 20:49:30
,,2018-11-04 20:49:30
,,2018-11-04 20:49:30
,,2018-11-04 20:49:30
,,2018-11-04 20:49:30
,,2018-11-04 20:49:30
,,2018-11-04 20:49:31
,,2018-11-04 20:49:31
,,2018-11-04 20:49:31
,,2018-11-04 20:49:31
447.5,189.5,2018-11-04 20:49:31
445.0,189.5,2018-11-04 20:49:31
443.5,193.0,2018-11-04 20:49:32
441.5,194.5,2018-11-04 20:49:32
440.5,207.5,2018-11-04 20:49:32
439.5,188.5,2018-11-04 20:49:32
431.0,244.5,2018-11-04 20:49:32
430.5,254.0,2018-11-04 20:49:32
431.5,268.0,2018-11-04 20:49:33
429.5,244.0,2018-11-04 20:49:33
421.5,200.0,2018-11-04 20:49:33
,,2018-11-04 20:49:33
,,2018-11-04 20:49:33
444.0,185.5,2018-11-04 20:49:33
,,2018-11-04 20:49:34
,,2018-11-04 20:49:34
,,2018-11-04 20:49:34
,,2018-11-04 20:49:34
448.5,183.0,2018-11-04 20:49:34
445.5,187.5,2018-11-04 20:49:34
444.0,187.5,2018-11-04 20:49:35
441.5,191.0,2018-11-04 20:49:35
,,2018-11-04 20:49:35
,,2018-11-04 20:49:35
,,2018-11-04 20:49:35
,,2018-11-04 20:49:35
253.0,234.5,2018-11-04 20:49:36
,,2018-11-04 20:49:36
,,2018-11-04 20:49:36
,,2018-11-04 20:49:36
,,2018-11-04 20:49:36
,,2018-11-04 20:49:36
,,2018-11-04 20:49:37
,,2018-11-04 20:49:37
,,2018-11-04 20:49:37
,,2018-11-04 20:49:37
,,2018-11-04 20:49:37
,,2018-11-04 20:49:37
,,2018-11-04 20:49:38
,,2018-11-04 20:49:38
,,2018-11-04 20:49:38
,,2018-11-04 20:49:38
,,2018-11-04 20:49:38
,,2018-11-04 20:49:38
,,2018-11-04 20:49:39
,,2018-11-04 20:49:39
,,2018-11-04 20:49:39
,,2018-11-04 20:49:39
,,2018-11-04 20:49:39
,,2018-11-04 20:49:39
,,2018-11-04 20:49:40
,,2018-11-04 20:49:40
,,2018-11-04 20:49:40
,,2018-11-04 20:49:40
,,2018-11-04 20:49:40
,,2018-11-04 20:49:40
,,2018-11-04 20:49:41
,,2018-11-04 20:49:41
,,2018-11-04 20:49:41
,,2018-11-04 20:49:41
,,2018-11-04 20:49:41
,,2018-11-04 20:49:41
,,2018-11-04 20:49:42
,,2018-11-04 20:49:42
,,2018-11-04 20:49:42
,,2018-11-04 20:49:42
,,2018-11-04 20:49:42
,,2018-11-04 20:49:42
,,2018-11-04 20:49:43
,,2018-11-04 20:49:43
,,2018-11-04 20:49:43
,,2018-11-04 20:49:43
,,2018-11-04 20:49:43
,,2018-11-04 20:49:43
,,2018-11-04 20:49:44
,,2018-11-04 20:49:44
,,2018-11-04 20:49:44
,,2018-11-04 20:49:44
,,2018-11-04 20:49:44
221.5,264.0,2018-11-04 20:49:44
444.5,240.0,2018-11-04 20:49:45
,,2018-11-04 20:49:45
,,2018-11-04 20:49:45
,,2018-11-04 20:49:45
337.0,164.0,2018-11-04 20:49:45
351.5,164.0,2018-11-04 20:49:45
,,2018-11-04 20:49:46
,,2018-11-04 20:49:46
,,2018-11-04 20:49:46
,,2018-11-04 20:49:46
,,2018-11-04 20:49:46
275.0,84.0,2018-11-04 20:49:46
,,2018-11-04 20:49:46
255.5,85.0,2018-11-04 20:49:47
,,2018-11-04 20:49:47
252.5,85.0,2018-11-04 20:49:47
250.0,94.5,2018-11-04 20:49:47
247.0,81.0,2018-11-04 20:49:47
243.5,84.0,2018-11-04 20:49:47
242.0,80.0,2018-11-04 20:49:48
240.0,88.0,2018-11-04 20:49:48
,,2018-11-04 20:49:48
236.5,101.0,2018-11-04 20:49:48
236.5,97.0,2018-11-04 20:49:48
236.5,101.0,2018-11-04 20:49:48
236.5,101.0,2018-11-04 20:49:49
,,2018-11-04 20:49:49
,,2018-11-04 20:49:49
236.5,91.0,2018-11-04 20:49:49
236.5,99.5,2018-11-04 20:49:49
236.5,99.5,2018-11-04 20:49:49
236.5,98.5,2018-11-04 20:49:50
236.5,98.5,2018-11-04 20:49:50
236.5,98.5,2018-11-04 20:49:50
,,2018-11-04 20:49:50
229.5,84.0,2018-11-04 20:49:50
,,2018-11-04 20:49:50
,,2018-11-04 20:49:51
,,2018-11-04 20:49:51
,,2018-11-04 20:49:51
,,2018-11-04 20:49:51
,,2018-11-04 20:49:51
,,2018-11-04 20:49:51
,,2018-11-04 20:49:52
,,2018-11-04 20:49:52
,,2018-11-04 20:49:52
,,2018-11-04 20:49:52
,,2018-11-04 20:49:52
,,2018-11-04 20:49:52
,,2018-11-04 20:49:53
,,2018-11-04 20:49:53
,,2018-11-04 20:49:53
,,2018-11-04 20:49:53
,,2018-11-04 20:49:53
,,2018-11-04 20:49:53
,,2018-11-04 20:49:54
,,2018-11-04 20:49:54
,,2018-11-04 20:49:54
,,2018-11-04 20:49:54
,,2018-11-04 20:49:54
,,2018-11-04 20:49:54
,,2018-11-04 20:49:55
,,2018-11-04 20:49:55
,,2018-11-04 20:49:55
,,2018-11-04 20:49:55
,,2018-11-04 20:49:55
,,2018-11-04 20:49:55
,,2018-11-04 20:49:55
,,2018-11-04 20:49:56
,,2018-11-04 20:49:56
,,2018-11-04 20:49:56
,,2018-11-04 20:49:56
331.5,254.5,2018-11-04 20:49:56
,,2018-11-04 20:49:56
,,2018-11-04 20:49:57
,,2018-11-04 20:49:57
362.5,240.5,2018-11-04 20:49:57
357.0,232.5,2018-11-04 20:49:57
,,2018-11-04 20:49:57
307.5,164.5,2018-11-04 20:49:57
291.0,147.5,2018-11-04 20:49:58
290.5,154.5,2018-11-04 20:49:58
289.0,154.5,2018-11-04 20:49:58
,,2018-11-04 20:49:58
,,2018-11-04 20:49:58
294.0,160.0,2018-11-04 20:49:58
,,2018-11-04 20:49:59
,,2018-11-04 20:49:59
,,2018-11-04 20:49:59
290.0,134.5,2018-11-04 20:49:59
,,2018-11-04 20:49:59
,,2018-11-04 20:49:59
,,2018-11-04 20:50:00
,,2018-11-04 20:50:00
274.5,164.0,2018-11-04 20:50:00
277.5,165.5,2018-11-04 20:50:00
276.5,164.0,2018-11-04 20:50:00
279.5,89.5,2018-11-04 20:50:00
,,2018-11-04 20:50:01
,,2018-11-04 20:50:01
,,2018-11-04 20:50:01
,,2018-11-04 20:50:01
278.0,168.0,2018-11-04 20:50:01
278.0,167.0,2018-11-04 20:50:01
276.5,162.5,2018-11-04 20:50:01
,,2018-11-04 20:50:02
274.5,165.5,2018-11-04 20:50:02
,,2018-11-04 20:50:02
284.5,124.0,2018-11-04 20:50:02
300.5,171.5,2018-11-04 20:50:02
,,2018-11-04 20:50:03
,,2018-11-04 20:50:03
,,2018-11-04 20:50:03
315.5,164.0,2018-11-04 20:50:03
,,2018-11-04 20:50:03
,,2018-11-04 20:50:03
,,2018-11-04 20:50:04
,,2018-11-04 20:50:04
,,2018-11-04 20:50:04
,,2018-11-04 20:50:04
,,2018-11-04 20:50:04
,,2018-11-04 20:50:04
,,2018-11-04 20:50:04
,,2018-11-04 20:50:05
,,2018-11-04 20:50:05
293.5,158.0,2018-11-04 20:50:05
247.5,149.0,2018-11-04 20:50:05
,,2018-11-04 20:50:05
,,2018-11-04 20:50:05
,,2018-11-04 20:50:06
,,2018-11-04 20:50:06
,,2018-11-04 20:50:06
185.5,147.0,2018-11-04 20:50:06
,,2018-11-04 20:50:06
,,2018-11-04 20:50:06
188.5,145.5,2018-11-04 20:50:07
189.5,147.0,2018-11-04 20:50:07
,,2018-11-04 20:50:07
,,2018-11-04 20:50:07
,,2018-11-04 20:50:07
,,2018-11-04 20:50:07
,,2018-11-04 20:50:08
,,2018-11-04 20:50:08
,,2018-11-04 20:50:08
,,2018-11-04 20:50:08
,,2018-11-04 20:50:08
,,2018-11-04 20:50:08
,,2018-11-04 20:50:09
,,2018-11-04 20:50:09
208.0,162.5,2018-11-04 20:50:09
203.5,162.5,2018-11-04 20:50:09
202.5,161.5,2018-11-04 20:50:09
201.5,156.5,2018-11-04 20:50:09
201.5,156.5,2018-11-04 20:50:10
202.5,161.5,2018-11-04 20:50:10
200.5,155.0,2018-11-04 20:50:10
203.5,161.5,2018-11-04 20:50:10
203.5,161.5,2018-11-04 20:50:10
198.5,159.5,2018-11-04 20:50:10
,,2018-11-04 20:50:11
,,2018-11-04 20:50:11
328.5,279.0,2018-11-04 20:50:11
X,Y,Time Stamp
,,2018-11-04 21:29:06
,,2018-11-04 21:29:06
,,2018-11-04 21:29:06
,,2018-11-04 21:29:06
,,2018-11-04 21:29:07
,,2018-11-04 21:29:07
,,2018-11-04 21:29:07
,,2018-11-04 21:29:07
,,2018-11-04 21:29:07
,,2018-11-04 21:29:07
,,2018-11-04 21:29:08
,,2018-11-04 21:29:08
,,2018-11-04 21:29:08
,,2018-11-04 21:29:08
,,2018-11-04 21:29:08
,,2018-11-04 21:29:08
,,2018-11-04 21:29:09
,,2018-11-04 21:29:09
,,2018-11-04 21:29:09
,,2018-11-04 21:29:09
,,2018-11-04 21:29:09
,,2018-11-04 21:29:09
,,2018-11-04 21:29:09
,,2018-11-04 21:29:10
,,2018-11-04 21:29:10
,,2018-11-04 21:29:10
,,2018-11-04 21:29:10
,,2018-11-04 21:29:10
,,2018-11-04 21:29:10
,,2018-11-04 21:29:11
,,2018-11-04 21:29:11
,,2018-11-04 21:29:11
,,2018-11-04 21:29:11
,,2018-11-04 21:29:11
,,2018-11-04 21:29:11
,,2018-11-04 21:29:12
,,2018-11-04 21:29:12
,,2018-11-04 21:29:12
,,2018-11-04 21:29:12
,,2018-11-04 21:29:12
,,2018-11-04 21:29:12
,,2018-11-04 21:29:13
,,2018-11-04 21:29:13
,,2018-11-04 21:29:13
,,2018-11-04 21:29:13
,,2018-11-04 21:29:13
,,2018-11-04 21:29:13
,,2018-11-04 21:29:14
,,2018-11-04 21:29:14
,,2018-11-04 21:29:14
,,2018-11-04 21:29:14
,,2018-11-04 21:29:14
,,2018-11-04 21:29:14
,,2018-11-04 21:29:15
,,2018-11-04 21:29:15
,,2018-11-04 21:29:15
,,2018-11-04 21:29:15
,,2018-11-04 21:29:15
,,2018-11-04 21:29:15
,,2018-11-04 21:29:15
,,2018-11-04 21:29:16
,,2018-11-04 21:29:16
,,2018-11-04 21:29:16
,,2018-11-04 21:29:16
,,2018-11-04 21:29:16
,,2018-11-04 21:29:16
,,2018-11-04 21:29:17
,,2018-11-04 21:29:17
,,2018-11-04 21:29:17
,,2018-11-04 21:29:17
,,2018-11-04 21:29:17
,,2018-11-04 21:29:17
,,2018-11-04 21:29:18
,,2018-11-04 21:29:18
,,2018-11-04 21:29:18
,,2018-11-04 21:29:18
,,2018-11-04 21:29:18
,,2018-11-04 21:29:18
,,2018-11-04 21:29:19
,,2018-11-04 21:29:19
,,2018-11-04 21:29:19
,,2018-11-04 21:29:19
,,2018-11-04 21:29:19
,,2018-11-04 21:29:19
,,2018-11-04 21:29:20
,,2018-11-04 21:29:20
,,2018-11-04 21:29:20
,,2018-11-04 21:29:20
,,2018-11-04 21:29:20
,,2018-11-04 21:29:20
,,2018-11-04 21:29:21
,,2018-11-04 21:29:21
,,2018-11-04 21:29:21
,,2018-11-04 21:29:21
,,2018-11-04 21:29:21
,,2018-11-04 21:29:21
,,2018-11-04 21:29:22
,,2018-11-04 21:29:22
,,2018-11-04 21:29:22
,,2018-11-04 21:29:22
,,2018-11-04 21:29:22
,,2018-11-04 21:29:22
,,2018-11-04 21:29:23
,,2018-11-04 21:29:23
,,2018-11-04 21:29:23
,,2018-11-04 21:29:23
,,2018-11-04 21:29:23
,,2018-11-04 21:29:23
,,2018-11-04 21:29:24
,,2018-11-04 21:29:24
,,2018-11-04 21:29:24
,,2018-11-04 21:29:24
,,2018-11-04 21:29:24
,,2018-11-04 21:29:24
,,2018-11-04 21:29:24
,,2018-11-04 21:29:25
,,2018-11-04 21:29:25
,,2018-11-04 21:29:25
,,2018-11-04 21:29:25
,,2018-11-04 21:29:25
,,2018-11-04 21:29:25
,,2018-11-04 21:29:26
,,2018-11-04 21:29:26
,,2018-11-04 21:29:26
,,2018-11-04 21:29:26
,,2018-11-04 21:29:26
,,2018-11-04 21:29:26
,,2018-11-04 21:29:27
,,2018-11-04 21:29:27
,,2018-11-04 21:29:27
,,2018-11-04 21:29:27
,,2018-11-04 21:29:27
,,2018-11-04 21:29:27
,,2018-11-04 21:29:28
,,2018-11-04 21:29:28
,,2018-11-04 21:29:28
,,2018-11-04 21:29:28
,,2018-11-04 21:29:28
,,2018-11-04 21:29:28
,,2018-11-04 21:29:29
,,2018-11-04 21:29:29
,,2018-11-04 21:29:29
,,2018-11-04 21:29:29
,,2018-11-04 21:29:29
,,2018-11-04 21:29:29
,,2018-11-04 21:29:30
,,2018-11-04 21:29:30
,,2018-11-04 21:29:30
,,2018-11-04 21:29:30
,,2018-11-04 21:29:30
,,2018-11-04 21:29:30
,,2018-11-04 21:29:30
,,2018-11-04 21:29:31
,,2018-11-04 21:29:31
,,2018-11-04 21:29:31
,,2018-11-04 21:29:31
,,2018-11-04 21:29:31
,,2018-11-04 21:29:31
,,2018-11-04 21:29:32
,,2018-11-04 21:29:32
,,2018-11-04 21:29:32
,,2018-11-04 21:29:32
,,2018-11-04 21:29:32
,,2018-11-04 21:29:32
,,2018-11-04 21:29:33
,,2018-11-04 21:29:33
,,2018-11-04 21:29:33
,,2018-11-04 21:29:33
,,2018-11-04 21:29:33
,,2018-11-04 21:29:33
,,2018-11-04 21:29:34
,,2018-11-04 21:29:34
,,2018-11-04 21:29:34
,,2018-11-04 21:29:34
,,2018-11-04 21:29:34
,,2018-11-04 21:29:34
,,2018-11-04 21:29:35
,,2018-11-04 21:29:35
,,2018-11-04 21:29:35
,,2018-11-04 21:29:35
,,2018-11-04 21:29:35
,,2018-11-04 21:29:35
,,2018-11-04 21:29:35
,,2018-11-04 21:29:36
,,2018-11-04 21:29:36
,,2018-11-04 21:29:36
,,2018-11-04 21:29:36
,,2018-11-04 21:29:36
,,2018-11-04 21:29:36
,,2018-11-04 21:29:37
,,2018-11-04 21:29:37
,,2018-11-04 21:29:37
,,2018-11-04 21:29:37
,,2018-11-04 21:29:37
,,2018-11-04 21:29:37
,,2018-11-04 21:29:38
,,2018-11-04 21:29:38
,,2018-11-04 21:29:38
,,2018-11-04 21:29:38
,,2018-11-04 21:29:38
,,2018-11-04 21:29:38
,,2018-11-04 21:29:39
,,2018-11-04 21:29:39
,,2018-11-04 21:29:39
,,2018-11-04 21:29:39
,,2018-11-04 21:29:39
,,2018-11-04 21:29:39
,,2018-11-04 21:29:40
335.0,136.0,2018-11-04 21:29:40
391.5,93.5,2018-11-04 21:29:40
391.5,111.0,2018-11-04 21:29:40
390.5,97.0,2018-11-04 21:29:40
389.5,172.5,2018-11-04 21:29:40
391.5,89.5,2018-11-04 21:29:41
390.5,169.5,2018-11-04 21:29:41
373.0,124.0,2018-11-04 21:29:41
,,2018-11-04 21:29:41
,,2018-11-04 21:29:41
,,2018-11-04 21:29:41
,,2018-11-04 21:29:41
,,2018-11-04 21:29:42
,,2018-11-04 21:29:42
,,2018-11-04 21:29:42
,,2018-11-04 21:29:42
,,2018-11-04 21:29:42
268.5,201.5,2018-11-04 21:29:42
,,2018-11-04 21:29:43
,,2018-11-04 21:29:43
,,2018-11-04 21:29:43
427.5,134.0,2018-11-04 21:29:43
,,2018-11-04 21:29:43
,,2018-11-04 21:29:43
,,2018-11-04 21:29:44
,,2018-11-04 21:29:44
,,2018-11-04 21:29:44
,,2018-11-04 21:29:44
,,2018-11-04 21:29:44
,,2018-11-04 21:29:44
,,2018-11-04 21:29:45
,,2018-11-04 21:29:45
,,2018-11-04 21:29:45
,,2018-11-04 21:29:45
,,2018-11-04 21:29:45
,,2018-11-04 21:29:45
,,2018-11-04 21:29:46
,,2018-11-04 21:29:46
,,2018-11-04 21:29:46
,,2018-11-04 21:29:46
,,2018-11-04 21:29:46
,,2018-11-04 21:29:46
,,2018-11-04 21:29:46
,,2018-11-04 21:29:47
,,2018-11-04 21:29:47
,,2018-11-04 21:29:47
,,2018-11-04 21:29:47
,,2018-11-04 21:29:47
,,2018-11-04 21:29:47
,,2018-11-04 21:29:48
,,2018-11-04 21:29:48
,,2018-11-04 21:29:48
,,2018-11-04 21:29:48
,,2018-11-04 21:29:48
266.0,220.0,2018-11-04 21:29:48
,,2018-11-04 21:29:49
,,2018-11-04 21:29:49
,,2018-11-04 21:29:49
,,2018-11-04 21:29:49
,,2018-11-04 21:29:49
,,2018-11-04 21:29:49
,,2018-11-04 21:29:49
,,2018-11-04 21:29:50
,,2018-11-04 21:29:50
,,2018-11-04 21:29:50
,,2018-11-04 21:29:50
,,2018-11-04 21:29:50
,,2018-11-04 21:29:50
,,2018-11-04 21:29:51
425.5,112.5,2018-11-04 21:29:51
426.5,148.0,2018-11-04 21:29:51
,,2018-11-04 21:29:51
,,2018-11-04 21:29:51
,,2018-11-04 21:29:51
,,2018-11-04 21:29:52
,,2018-11-04 21:29:52
,,2018-11-04 21:29:52
,,2018-11-04 21:29:52
,,2018-11-04 21:29:52
,,2018-11-04 21:29:52
,,2018-11-04 21:29:53
,,2018-11-04 21:29:53
,,2018-11-04 21:29:53
,,2018-11-04 21:29:53
,,2018-11-04 21:29:53
266.0,221.0,2018-11-04 21:29:53
,,2018-11-04 21:29:53
,,2018-11-04 21:29:54
,,2018-11-04 21:29:54
,,2018-11-04 21:29:54
,,2018-11-04 21:29:54
,,2018-11-04 21:29:54
,,2018-11-04 21:29:54
,,2018-11-04 21:29:55
266.0,220.0,2018-11-04 21:29:55
272.0,195.5,2018-11-04 21:29:55
272.0,195.5,2018-11-04 21:29:55
279.5,169.5,2018-11-04 21:29:55
,,2018-11-04 21:29:55
,,2018-11-04 21:29:56
162.0,89.0,2018-11-04 21:29:56
271.5,200.5,2018-11-04 21:29:56
162.5,89.0,2018-11-04 21:29:56
266.5,217.0,2018-11-04 21:29:56
269.0,207.5,2018-11-04 21:29:56
266.5,217.0,2018-11-04 21:29:57
162.0,89.0,2018-11-04 21:29:57
,,2018-11-04 21:29:57
,,2018-11-04 21:29:57
,,2018-11-04 21:29:57
,,2018-11-04 21:29:57
269.0,207.5,2018-11-04 21:29:57
354.0,262.5,2018-11-04 21:29:58
358.0,260.5,2018-11-04 21:29:58
268.5,211.0,2018-11-04 21:29:58
267.0,221.0,2018-11-04 21:29:58
266.5,218.0,2018-11-04 21:29:58
268.5,303.5,2018-11-04 21:29:58
,,2018-11-04 21:29:59
266.5,217.0,2018-11-04 21:29:59
,,2018-11-04 21:29:59
,,2018-11-04 21:29:59
381.5,307.5,2018-11-04 21:29:59
,,2018-11-04 21:29:59
268.5,212.5,2018-11-04 21:30:00
392.0,302.0,2018-11-04 21:30:00
163.0,96.0,2018-11-04 21:30:00
164.5,97.0,2018-11-04 21:30:00
,,2018-11-04 21:30:00
,,2018-11-04 21:30:00
163.5,91.5,2018-11-04 21:30:01
162.0,88.0,2018-11-04 21:30:01
271.5,200.5,2018-11-04 21:30:01
271.5,200.5,2018-11-04 21:30:01
158.5,86.0,2018-11-04 21:30:01
318.0,303.0,2018-11-04 21:30:01
,,2018-11-04 21:30:01
,,2018-11-04 21:30:02
,,2018-11-04 21:30:02
,,2018-11-04 21:30:02
,,2018-11-04 21:30:02
,,2018-11-04 21:30:02
,,2018-11-04 21:30:02
,,2018-11-04 21:30:03
,,2018-11-04 21:30:03
,,2018-11-04 21:30:03
,,2018-11-04 21:30:03
,,2018-11-04 21:30:03
,,2018-11-04 21:30:03
,,2018-11-04 21:30:04
,,2018-11-04 21:30:04
,,2018-11-04 21:30:04
,,2018-11-04 21:30:04
,,2018-11-04 21:30:04
,,2018-11-04 21:30:04
,,2018-11-04 21:30:05
,,2018-11-04 21:30:05
,,2018-11-04 21:30:05
,,2018-11-04 21:30:05
,,2018-11-04 21:30:05
,,2018-11-04 21:30:05
,,2018-11-04 21:30:06
,,2018-11-04 21:30:06
,,2018-11-04 21:30:06
,,2018-11-04 21:30:06
,,2018-11-04 21:30:06
,,2018-11-04 21:30:06
214.0,184.0,2018-11-04 21:30:06
,,2018-11-04 21:30:07
,,2018-11-04 21:30:07
,,2018-11-04 21:30:07
,,2018-11-04 21:30:07
,,2018-11-04 21:30:07
,,2018-11-04 21:30:07
,,2018-11-04 21:30:08
,,2018-11-04 21:30:08
,,2018-11-04 21:30:08
,,2018-11-04 21:30:08
,,2018-11-04 21:30:08
,,2018-11-04 21:30:08
,,2018-11-04 21:30:09
214.5,180.0,2018-11-04 21:30:09
,,2018-11-04 21:30:09
,,2018-11-04 21:30:09
206.0,192.0,2018-11-04 21:30:09
207.5,188.5,2018-11-04 21:30:09
,,2018-11-04 21:30:10
208.5,200.5,2018-11-04 21:30:10
209.5,195.5,2018-11-04 21:30:10
216.5,177.5,2018-11-04 21:30:10
209.5,195.5,2018-11-04 21:30:10
216.0,176.0,2018-11-04 21:30:10
204.5,181.0,2018-11-04 21:30:11
216.0,176.0,2018-11-04 21:30:11
209.5,195.5,2018-11-04 21:30:11
209.5,194.0,2018-11-04 21:30:11
444.0,347.5,2018-11-04 21:30:11
235.0,208.0,2018-11-04 21:30:11
445.0,357.0,2018-11-04 21:30:12
215.5,178.5,2018-11-04 21:30:12
438.0,307.5,2018-11-04 21:30:12
440.0,287.5,2018-11-04 21:30:12
211.0,195.0,2018-11-04 21:30:12
438.5,323.5,2018-11-04 21:30:12
438.0,244.0,2018-11-04 21:30:13
,,2018-11-04 21:30:13
,,2018-11-04 21:30:13
,,2018-11-04 21:30:13
,,2018-11-04 21:30:13
,,2018-11-04 21:30:13
,,2018-11-04 21:30:13
,,2018-11-04 21:30:14
,,2018-11-04 21:30:14
260.5,201.0,2018-11-04 21:30:14
,,2018-11-04 21:30:14
,,2018-11-04 21:30:14
360.0,123.0,2018-11-04 21:30:14
,,2018-11-04 21:30:15
276.5,145.5,2018-11-04 21:30:15
249.0,159.0,2018-11-04 21:30:15
207.0,158.0,2018-11-04 21:30:15
205.5,230.0,2018-11-04 21:30:15
,,2018-11-04 21:30:15
,,2018-11-04 21:30:16
,,2018-11-04 21:30:16
,,2018-11-04 21:30:16
,,2018-11-04 21:30:16
,,2018-11-04 21:30:16
,,2018-11-04 21:30:16
,,2018-11-04 21:30:17
,,2018-11-04 21:30:17
,,2018-11-04 21:30:17
270.0,136.0,2018-11-04 21:30:17
288.5,132.0,2018-11-04 21:30:17
,,2018-11-04 21:30:17
,,2018-11-04 21:30:18
277.0,151.0,2018-11-04 21:30:18
276.0,126.0,2018-11-04 21:30:18
236.5,206.5,2018-11-04 21:30:18
279.0,130.0,2018-11-04 21:30:18
273.5,126.0,2018-11-04 21:30:18
,,2018-11-04 21:30:18
239.0,218.5,2018-11-04 21:30:19
,,2018-11-04 21:30:19
,,2018-11-04 21:30:19
,,2018-11-04 21:30:19
238.0,212.5,2018-11-04 21:30:19
271.0,131.0,2018-11-04 21:30:19
239.5,192.5,2018-11-04 21:30:20
467.5,91.0,2018-11-04 21:30:20
,,2018-11-04 21:30:20
,,2018-11-04 21:30:20
,,2018-11-04 21:30:20
,,2018-11-04 21:30:20
,,2018-11-04 21:30:21
,,2018-11-04 21:30:21
,,2018-11-04 21:30:21
,,2018-11-04 21:30:21
,,2018-11-04 21:30:21
,,2018-11-04 21:30:21
305.5,164.5,2018-11-04 21:30:22
313.0,144.0,2018-11-04 21:30:22
298.5,156.0,2018-11-04 21:30:22
,,2018-11-04 21:30:22
,,2018-11-04 21:30:22
,,2018-11-04 21:30:22
,,2018-11-04 21:30:22
463.0,79.0,2018-11-04 21:30:23
,,2018-11-04 21:30:23
,,2018-11-04 21:30:23
,,2018-11-04 21:30:23
,,2018-11-04 21:30:23
345.0,178.0,2018-11-04 21:30:23
348.0,157.0,2018-11-04 21:30:24
,,2018-11-04 21:30:24
352.0,181.0,2018-11-04 21:30:24
302.5,148.0,2018-11-04 21:30:24
297.5,149.5,2018-11-04 21:30:24
264.5,169.0,2018-11-04 21:30:24
264.0,169.0,2018-11-04 21:30:25
292.5,145.5,2018-11-04 21:30:25
290.0,145.5,2018-11-04 21:30:25
295.5,150.0,2018-11-04 21:30:25
297.0,145.0,2018-11-04 21:30:25
294.5,146.5,2018-11-04 21:30:25
296.0,154.0,2018-11-04 21:30:26
293.0,143.0,2018-11-04 21:30:26
294.5,145.0,2018-11-04 21:30:26
298.0,150.5,2018-11-04 21:30:26
292.5,146.0,2018-11-04 21:30:26
294.0,156.0,2018-11-04 21:30:26
286.0,150.5,2018-11-04 21:30:27
262.0,148.5,2018-11-04 21:30:27
,,2018-11-04 21:30:27
,,2018-11-04 21:30:27
163.0,147.5,2018-11-04 21:30:27
,,2018-11-04 21:30:28
,,2018-11-04 21:30:28
,,2018-11-04 21:30:28
,,2018-11-04 21:30:28
,,2018-11-04 21:30:28
,,2018-11-04 21:30:28
,,2018-11-04 21:30:28
,,2018-11-04 21:30:29
,,2018-11-04 21:30:29
,,2018-11-04 21:30:29
,,2018-11-04 21:30:29
,,2018-11-04 21:30:29
,,2018-11-04 21:30:29
,,2018-11-04 21:30:30
,,2018-11-04 21:30:30
,,2018-11-04 21:30:30
,,2018-11-04 21:30:30
,,2018-11-04 21:30:30
,,2018-11-04 21:30:30
,,2018-11-04 21:30:31
,,2018-11-04 21:30:31
300.5,123.0,2018-11-04 21:30:31
279.5,169.0,2018-11-04 21:30:31
278.0,149.5,2018-11-04 21:30:31
279.5,138.0,2018-11-04 21:30:31
279.0,145.0,2018-11-04 21:30:32
279.5,138.0,2018-11-04 21:30:32
243.5,189.5,2018-11-04 21:30:32
278.0,143.5,2018-11-04 21:30:32
242.5,207.5,2018-11-04 21:30:32
242.5,185.5,2018-11-04 21:30:32
245.5,191.0,2018-11-04 21:30:33
279.5,146.0,2018-11-04 21:30:33
275.5,145.0,2018-11-04 21:30:33
451.5,75.0,2018-11-04 21:30:33
270.0,142.5,2018-11-04 21:30:33
,,2018-11-04 21:30:33
460.5,193.5,2018-11-04 21:30:33
477.0,188.5,2018-11-04 21:30:34
489.5,244.5,2018-11-04 21:30:34
499.5,212.5,2018-11-04 21:30:34
,,2018-11-04 21:30:34
446.5,155.5,2018-11-04 21:30:34
448.0,159.0,2018-11-04 21:30:34
,,2018-11-04 21:30:35
441.0,144.0,2018-11-04 21:30:35
445.5,153.0,2018-11-04 21:30:35
,,2018-11-04 21:30:35
441.5,142.5,2018-11-04 21:30:35
446.5,155.5,2018-11-04 21:30:35
446.5,153.0,2018-11-04 21:30:36
441.5,168.0,2018-11-04 21:30:36
445.5,151.5,2018-11-04 21:30:36
446.5,153.0,2018-11-04 21:30:36
442.5,149.5,2018-11-04 21:30:36
441.0,122.0,2018-11-04 21:30:36
446.5,157.5,2018-11-04 21:30:37
441.5,146.0,2018-11-04 21:30:37
441.5,140.5,2018-11-04 21:30:37
439.0,118.0,2018-11-04 21:30:37
442.5,146.5,2018-11-04 21:30:37
444.0,150.5,2018-11-04 21:30:37
442.5,121.5,2018-11-04 21:30:37
440.5,150.5,2018-11-04 21:30:38
439.0,138.0,2018-11-04 21:30:38
440.0,140.0,2018-11-04 21:30:38
439.0,142.0,2018-11-04 21:30:38
440.5,140.5,2018-11-04 21:30:38
442.5,145.0,2018-11-04 21:30:38
440.5,146.5,2018-11-04 21:30:39
438.0,138.0,2018-11-04 21:30:39
437.0,139.0,2018-11-04 21:30:39
408.5,175.0,2018-11-04 21:30:39
441.5,150.5,2018-11-04 21:30:39
438.5,144.5,2018-11-04 21:30:39
437.0,109.0,2018-11-04 21:30:40
437.0,139.0,2018-11-04 21:30:40
438.0,137.0,2018-11-04 21:30:40
446.5,129.5,2018-11-04 21:30:40
439.0,140.0,2018-11-04 21:30:40
442.5,146.0,2018-11-04 21:30:40
443.5,131.5,2018-11-04 21:30:41
436.5,119.5,2018-11-04 21:30:41
439.0,137.0,2018-11-04 21:30:41
438.5,120.5,2018-11-04 21:30:41
441.5,126.5,2018-11-04 21:30:41
442.5,133.0,2018-11-04 21:30:41
441.5,145.5,2018-11-04 21:30:42
442.5,132.0,2018-11-04 21:30:42
440.0,120.0,2018-11-04 21:30:42
438.0,116.0,2018-11-04 21:30:42
432.5,136.0,2018-11-04 21:30:42
,,2018-11-04 21:30:42
439.5,124.5,2018-11-04 21:30:43
431.0,116.0,2018-11-04 21:30:43
,,2018-11-04 21:30:43
,,2018-11-04 21:30:43
,,2018-11-04 21:30:43
,,2018-11-04 21:30:43
,,2018-11-04 21:30:44
,,2018-11-04 21:30:44
381.0,326.0,2018-11-04 21:30:44
,,2018-11-04 21:30:44
428.0,278.0,2018-11-04 21:30:44
,,2018-11-04 21:30:44
,,2018-11-04 21:30:45
,,2018-11-04 21:30:45
,,2018-11-04 21:30:45
,,2018-11-04 21:30:45
436.0,98.5,2018-11-04 21:30:45
436.0,112.0,2018-11-04 21:30:45
433.5,124.5,2018-11-04 21:30:46
434.5,145.5,2018-11-04 21:30:46
436.0,94.5,2018-11-04 21:30:46
429.0,113.0,2018-11-04 21:30:46
,,2018-11-04 21:30:46
,,2018-11-04 21:30:46
,,2018-11-04 21:30:47
,,2018-11-04 21:30:47
,,2018-11-04 21:30:47
,,2018-11-04 21:30:47
,,2018-11-04 21:30:47
,,2018-11-04 21:30:47
444.5,129.5,2018-11-04 21:30:48
444.5,120.5,2018-11-04 21:30:48
406.5,154.0,2018-11-04 21:30:48
398.0,141.5,2018-11-04 21:30:48
399.5,151.0,2018-11-04 21:30:48
398.0,162.5,2018-11-04 21:30:48
395.5,153.5,2018-11-04 21:30:49
399.5,151.0,2018-11-04 21:30:49
398.5,155.5,2018-11-04 21:30:49
396.5,150.5,2018-11-04 21:30:49
392.5,154.5,2018-11-04 21:30:49
418.5,128.0,2018-11-04 21:30:49
401.0,148.0,2018-11-04 21:30:49
405.0,234.0,2018-11-04 21:30:50
,,2018-11-04 21:30:50
,,2018-11-04 21:30:50
,,2018-11-04 21:30:50
,,2018-11-04 21:30:50
,,2018-11-04 21:30:50
,,2018-11-04 21:30:51
,,2018-11-04 21:30:51
,,2018-11-04 21:30:51
,,2018-11-04 21:30:51
,,2018-11-04 21:30:51
,,2018-11-04 21:30:51
,,2018-11-04 21:30:52
323.5,146.0,2018-11-04 21:30:52
,,2018-11-04 21:30:52
,,2018-11-04 21:30:52
,,2018-11-04 21:30:52
,,2018-11-04 21:30:52
,,2018-11-04 21:30:53
,,2018-11-04 21:30:53
,,2018-11-04 21:30:53
,,2018-11-04 21:30:53
,,2018-11-04 21:30:53
,,2018-11-04 21:30:53
,,2018-11-04 21:30:54
,,2018-11-04 21:30:54
,,2018-11-04 21:30:54
,,2018-11-04 21:30:54
,,2018-11-04 21:30:54
,,2018-11-04 21:30:54
,,2018-11-04 21:30:54
,,2018-11-04 21:30:55
,,2018-11-04 21:30:55
,,2018-11-04 21:30:55
,,2018-11-04 21:30:55
,,2018-11-04 21:30:55
,,2018-11-04 21:30:55
,,2018-11-04 21:30:56
,,2018-11-04 21:30:56
,,2018-11-04 21:30:56
,,2018-11-04 21:30:56
,,2018-11-04 21:30:56
,,2018-11-04 21:30:56
,,2018-11-04 21:30:57
,,2018-11-04 21:30:57
,,2018-11-04 21:30:57
,,2018-11-04 21:30:57
,,2018-11-04 21:30:57
X,Y,Time Stamp
X,Y,Time Stamp
,,2018-11-05 15:15:29
,,2018-11-05 15:15:29
,,2018-11-05 15:15:29
,,2018-11-05 15:15:29
,,2018-11-05 15:15:29
,,2018-11-05 15:15:30
,,2018-11-05 15:15:30
,,2018-11-05 15:15:30
,,2018-11-05 15:15:30
,,2018-11-05 15:15:30
,,2018-11-05 15:15:30
,,2018-11-05 15:15:31
,,2018-11-05 15:15:31
,,2018-11-05 15:15:31
,,2018-11-05 15:15:31
,,2018-11-05 15:15:31
,,2018-11-05 15:15:31
,,2018-11-05 15:15:32
,,2018-11-05 15:15:32
,,2018-11-05 15:15:32
221.5,211.5,2018-11-05 15:15:32
,,2018-11-05 15:15:32
,,2018-11-05 15:15:32
,,2018-11-05 15:15:33
202.0,172.5,2018-11-05 15:15:33
264.5,276.5,2018-11-05 15:15:33
273.0,276.5,2018-11-05 15:15:33
279.5,271.5,2018-11-05 15:15:33
,,2018-11-05 15:15:33
290.0,288.0,2018-11-05 15:15:33
191.5,125.0,2018-11-05 15:15:34
193.0,118.5,2018-11-05 15:15:34
302.5,282.5,2018-11-05 15:15:34
,,2018-11-05 15:15:34
324.0,255.0,2018-11-05 15:15:34
300.5,242.0,2018-11-05 15:15:34
163.5,167.5,2018-11-05 15:15:35
,,2018-11-05 15:15:35
,,2018-11-05 15:15:35
,,2018-11-05 15:15:35
,,2018-11-05 15:15:35
320.5,233.0,2018-11-05 15:15:35
,,2018-11-05 15:15:36
,,2018-11-05 15:15:36
,,2018-11-05 15:15:36
,,2018-11-05 15:15:36
,,2018-11-05 15:15:36
,,2018-11-05 15:15:36
,,2018-11-05 15:15:37
,,2018-11-05 15:15:37
,,2018-11-05 15:15:37
,,2018-11-05 15:15:37
,,2018-11-05 15:15:37
,,2018-11-05 15:15:37
,,2018-11-05 15:15:38
,,2018-11-05 15:15:38
,,2018-11-05 15:15:38
,,2018-11-05 15:15:38
,,2018-11-05 15:15:38
,,2018-11-05 15:15:38
,,2018-11-05 15:15:39
,,2018-11-05 15:15:39
,,2018-11-05 15:15:39
,,2018-11-05 15:15:39
,,2018-11-05 15:15:39
173.5,90.5,2018-11-05 15:15:39
,,2018-11-05 15:15:39
,,2018-11-05 15:15:40
,,2018-11-05 15:15:40
170.0,106.0,2018-11-05 15:15:40
170.5,100.0,2018-11-05 15:15:40
,,2018-11-05 15:15:40
,,2018-11-05 15:15:40
,,2018-11-05 15:15:41
,,2018-11-05 15:15:41
,,2018-11-05 15:15:41
,,2018-11-05 15:15:41
,,2018-11-05 15:15:41
,,2018-11-05 15:15:41
,,2018-11-05 15:15:42
,,2018-11-05 15:15:42
,,2018-11-05 15:15:42
,,2018-11-05 15:15:42
,,2018-11-05 15:15:42
147.5,109.0,2018-11-05 15:15:42
,,2018-11-05 15:15:43
,,2018-11-05 15:15:43
170.5,103.0,2018-11-05 15:15:43
172.5,96.0,2018-11-05 15:15:43
170.5,104.0,2018-11-05 15:15:43
170.5,103.0,2018-11-05 15:15:43
172.0,97.0,2018-11-05 15:15:44
170.5,103.0,2018-11-05 15:15:44
172.0,98.0,2018-11-05 15:15:44
170.5,103.0,2018-11-05 15:15:44
170.5,103.0,2018-11-05 15:15:44
170.5,103.0,2018-11-05 15:15:44
170.5,103.0,2018-11-05 15:15:44
170.5,103.0,2018-11-05 15:15:45
170.5,103.0,2018-11-05 15:15:45
172.5,94.5,2018-11-05 15:15:45
170.5,103.0,2018-11-05 15:15:45
170.5,103.0,2018-11-05 15:15:45
170.5,103.0,2018-11-05 15:15:45
170.5,103.0,2018-11-05 15:15:46
170.5,103.0,2018-11-05 15:15:46
170.5,103.0,2018-11-05 15:15:46
170.5,103.0,2018-11-05 15:15:46
170.5,103.0,2018-11-05 15:15:46
170.5,103.0,2018-11-05 15:15:46
170.5,103.0,2018-11-05 15:15:47
170.5,103.0,2018-11-05 15:15:47
170.5,103.0,2018-11-05 15:15:47
170.5,103.0,2018-11-05 15:15:47
170.5,103.0,2018-11-05 15:15:47
170.5,103.0,2018-11-05 15:15:47
151.0,81.0,2018-11-05 15:15:48
172.5,94.5,2018-11-05 15:15:48
172.0,98.0,2018-11-05 15:15:48
302.5,92.0,2018-11-05 15:15:48
371.0,247.5,2018-11-05 15:15:48
,,2018-11-05 15:15:48
376.5,238.0,2018-11-05 15:15:48
282.5,96.0,2018-11-05 15:15:49
384.5,228.5,2018-11-05 15:15:49
390.0,196.5,2018-11-05 15:15:49
378.5,238.0,2018-11-05 15:15:49
379.5,218.0,2018-11-05 15:15:49
375.0,235.0,2018-11-05 15:15:49
,,2018-11-05 15:15:50
376.5,238.0,2018-11-05 15:15:50
376.5,238.0,2018-11-05 15:15:50
376.5,235.0,2018-11-05 15:15:50
280.5,88.0,2018-11-05 15:15:50
385.0,238.0,2018-11-05 15:15:50
413.0,169.0,2018-11-05 15:15:51
,,2018-11-05 15:15:51
,,2018-11-05 15:15:51
,,2018-11-05 15:15:51
,,2018-11-05 15:15:51
,,2018-11-05 15:15:51
,,2018-11-05 15:15:52
346.5,147.0,2018-11-05 15:15:52
,,2018-11-05 15:15:52
,,2018-11-05 15:15:52
,,2018-11-05 15:15:52
,,2018-11-05 15:15:52
,,2018-11-05 15:15:53
341.5,122.0,2018-11-05 15:15:53
369.5,110.5,2018-11-05 15:15:53
325.0,398.0,2018-11-05 15:15:53
323.0,404.0,2018-11-05 15:15:53
132.0,188.0,2018-11-05 15:15:53
319.0,399.0,2018-11-05 15:15:53
319.0,397.0,2018-11-05 15:15:54
321.0,404.0,2018-11-05 15:15:54
324.0,404.0,2018-11-05 15:15:54
325.0,401.0,2018-11-05 15:15:54
325.0,403.0,2018-11-05 15:15:54
323.0,404.0,2018-11-05 15:15:54
372.5,109.5,2018-11-05 15:15:55
132.5,184.0,2018-11-05 15:15:55
132.0,187.0,2018-11-05 15:15:55
132.0,187.0,2018-11-05 15:15:55
132.5,184.0,2018-11-05 15:15:55
322.0,401.0,2018-11-05 15:15:55
322.0,401.0,2018-11-05 15:15:56
321.5,401.5,2018-11-05 15:15:56
128.0,251.0,2018-11-05 15:15:56
322.5,401.5,2018-11-05 15:15:56
323.5,401.5,2018-11-05 15:15:56
322.0,397.0,2018-11-05 15:15:56
322.0,400.0,2018-11-05 15:15:57
322.5,397.0,2018-11-05 15:15:57
141.0,157.0,2018-11-05 15:15:57
323.5,401.5,2018-11-05 15:15:57
323.5,401.5,2018-11-05 15:15:57
322.5,400.0,2018-11-05 15:15:57
321.0,400.0,2018-11-05 15:15:58
322.5,399.0,2018-11-05 15:15:58
292.5,399.5,2018-11-05 15:15:58
323.5,401.5,2018-11-05 15:15:58
367.5,106.5,2018-11-05 15:15:58
324.0,395.0,2018-11-05 15:15:58
323.0,396.0,2018-11-05 15:15:59
323.5,398.0,2018-11-05 15:15:59
372.5,117.5,2018-11-05 15:15:59
273.0,296.0,2018-11-05 15:15:59
258.0,388.0,2018-11-05 15:15:59
,,2018-11-05 15:15:59
,,2018-11-05 15:16:00
,,2018-11-05 15:16:00
,,2018-11-05 15:16:00
,,2018-11-05 15:16:00
,,2018-11-05 15:16:00
,,2018-11-05 15:16:00
,,2018-11-05 15:16:01
375.5,104.0,2018-11-05 15:16:01
135.0,187.0,2018-11-05 15:16:01
126.0,96.0,2018-11-05 15:16:01
308.5,341.0,2018-11-05 15:16:01
310.5,338.5,2018-11-05 15:16:01
309.0,343.0,2018-11-05 15:16:02
310.0,343.0,2018-11-05 15:16:02
312.5,337.0,2018-11-05 15:16:02
310.5,337.0,2018-11-05 15:16:02
310.5,337.0,2018-11-05 15:16:02
311.5,340.0,2018-11-05 15:16:02
311.0,343.0,2018-11-05 15:16:03
309.0,342.0,2018-11-05 15:16:03
310.5,339.0,2018-11-05 15:16:03
310.5,340.0,2018-11-05 15:16:03
312.0,406.0,2018-11-05 15:16:03
137.0,188.0,2018-11-05 15:16:03
210.5,356.5,2018-11-05 15:16:04
,,2018-11-05 15:16:04
221.5,316.0,2018-11-05 15:16:04
,,2018-11-05 15:16:04
,,2018-11-05 15:16:04
,,2018-11-05 15:16:04
,,2018-11-05 15:16:05
,,2018-11-05 15:16:05
,,2018-11-05 15:16:05
,,2018-11-05 15:16:05
,,2018-11-05 15:16:05
,,2018-11-05 15:16:05
144.0,122.0,2018-11-05 15:16:06
146.0,123.0,2018-11-05 15:16:06
149.5,112.0,2018-11-05 15:16:06
148.0,114.0,2018-11-05 15:16:06
143.5,117.5,2018-11-05 15:16:06
140.5,113.0,2018-11-05 15:16:06
138.0,114.0,2018-11-05 15:16:07
142.5,102.5,2018-11-05 15:16:07
154.5,110.0,2018-11-05 15:16:07
,,2018-11-05 15:16:07
,,2018-11-05 15:16:07
145.0,110.0,2018-11-05 15:16:07
146.5,103.0,2018-11-05 15:16:08
,,2018-11-05 15:16:08
,,2018-11-05 15:16:08
128.0,97.0,2018-11-05 15:16:08
,,2018-11-05 15:16:08
136.5,203.0,2018-11-05 15:16:08
503.0,185.0,2018-11-05 15:16:09
504.0,244.0,2018-11-05 15:16:09
352.5,73.0,2018-11-05 15:16:09
349.0,83.0,2018-11-05 15:16:09
347.5,78.5,2018-11-05 15:16:09
344.5,87.5,2018-11-05 15:16:09
343.5,86.0,2018-11-05 15:16:10
348.0,125.0,2018-11-05 15:16:10
344.5,90.5,2018-11-05 15:16:10
,,2018-11-05 15:16:10
343.0,83.0,2018-11-05 15:16:10
342.0,84.0,2018-11-05 15:16:10
,,2018-11-05 15:16:11
342.5,84.0,2018-11-05 15:16:11
472.5,278.5,2018-11-05 15:16:11
365.5,191.0,2018-11-05 15:16:11
376.0,187.0,2018-11-05 15:16:11
377.0,187.0,2018-11-05 15:16:11
366.0,197.0,2018-11-05 15:16:12
376.0,187.0,2018-11-05 15:16:12
375.5,176.5,2018-11-05 15:16:12
340.0,85.0,2018-11-05 15:16:12
341.0,96.0,2018-11-05 15:16:12
382.5,164.5,2018-11-05 15:16:12
376.5,191.5,2018-11-05 15:16:12
386.5,158.0,2018-11-05 15:16:13
376.5,191.5,2018-11-05 15:16:13
341.5,88.5,2018-11-05 15:16:13
341.5,88.5,2018-11-05 15:16:13
341.5,88.5,2018-11-05 15:16:13
378.5,191.5,2018-11-05 15:16:13
342.5,93.5,2018-11-05 15:16:14
345.0,93.5,2018-11-05 15:16:14
343.5,93.5,2018-11-05 15:16:14
387.0,195.0,2018-11-05 15:16:14
344.5,88.5,2018-11-05 15:16:14
387.0,200.0,2018-11-05 15:16:14
345.5,90.5,2018-11-05 15:16:15
387.5,201.0,2018-11-05 15:16:15
343.0,82.0,2018-11-05 15:16:15
345.0,96.0,2018-11-05 15:16:15
301.5,394.0,2018-11-05 15:16:15
344.5,90.5,2018-11-05 15:16:15
344.5,90.5,2018-11-05 15:16:16
345.5,94.5,2018-11-05 15:16:16
348.5,85.0,2018-11-05 15:16:16
344.5,90.5,2018-11-05 15:16:16
347.5,76.0,2018-11-05 15:16:16
362.5,173.5,2018-11-05 15:16:16
,,2018-11-05 15:16:17
,,2018-11-05 15:16:17
,,2018-11-05 15:16:17
382.5,179.0,2018-11-05 15:16:17
352.0,85.0,2018-11-05 15:16:17
350.5,90.0,2018-11-05 15:16:17
355.5,77.0,2018-11-05 15:16:18
354.5,77.0,2018-11-05 15:16:18
348.5,87.5,2018-11-05 15:16:18
355.5,76.0,2018-11-05 15:16:18
349.0,88.0,2018-11-05 15:16:18
354.5,81.5,2018-11-05 15:16:18
348.0,89.5,2018-11-05 15:16:19
385.0,179.0,2018-11-05 15:16:19
317.5,382.0,2018-11-05 15:16:19
358.5,81.0,2018-11-05 15:16:19
,,2018-11-05 15:16:19
,,2018-11-05 15:16:19
,,2018-11-05 15:16:19
,,2018-11-05 15:16:20
,,2018-11-05 15:16:20
,,2018-11-05 15:16:20
,,2018-11-05 15:16:20
302.0,163.0,2018-11-05 15:16:20
,,2018-11-05 15:16:20
,,2018-11-05 15:16:21
,,2018-11-05 15:16:21
,,2018-11-05 15:16:21
,,2018-11-05 15:16:21
320.0,189.0,2018-11-05 15:16:21
,,2018-11-05 15:16:21
,,2018-11-05 15:16:22
,,2018-11-05 15:16:22
,,2018-11-05 15:16:22
,,2018-11-05 15:16:22
,,2018-11-05 15:16:22
,,2018-11-05 15:16:22
,,2018-11-05 15:16:23
,,2018-11-05 15:16:23
,,2018-11-05 15:16:23
,,2018-11-05 15:16:23
,,2018-11-05 15:16:23
,,2018-11-05 15:16:23
352.5,149.5,2018-11-05 15:16:24
245.0,248.0,2018-11-05 15:16:24
303.5,147.0,2018-11-05 15:16:24
355.0,134.0,2018-11-05 15:16:24
330.5,135.0,2018-11-05 15:16:24
243.0,249.0,2018-11-05 15:16:24
245.0,248.0,2018-11-05 15:16:25
,,2018-11-05 15:16:25
,,2018-11-05 15:16:25
,,2018-11-05 15:16:25
,,2018-11-05 15:16:25
194.0,257.0,2018-11-05 15:16:25
,,2018-11-05 15:16:26
,,2018-11-05 15:16:26
,,2018-11-05 15:16:26
,,2018-11-05 15:16:26
,,2018-11-05 15:16:26
,,2018-11-05 15:16:26
,,2018-11-05 15:16:27
,,2018-11-05 15:16:27
,,2018-11-05 15:16:27
,,2018-11-05 15:16:27
,,2018-11-05 15:16:27
,,2018-11-05 15:16:27
,,2018-11-05 15:16:27
,,2018-11-05 15:16:28
,,2018-11-05 15:16:28
,,2018-11-05 15:16:28
304.0,178.0,2018-11-05 15:16:28
,,2018-11-05 15:16:28
,,2018-11-05 15:16:28
313.0,153.0,2018-11-05 15:16:29
,,2018-11-05 15:16:29
,,2018-11-05 15:16:29
,,2018-11-05 15:16:29
,,2018-11-05 15:16:29
298.5,150.5,2018-11-05 15:16:29
,,2018-11-05 15:16:30
,,2018-11-05 15:16:30
,,2018-11-05 15:16:30
,,2018-11-05 15:16:30
298.0,107.0,2018-11-05 15:16:30
304.0,147.0,2018-11-05 15:16:30
,,2018-11-05 15:16:31
,,2018-11-05 15:16:31
339.0,147.0,2018-11-05 15:16:31
,,2018-11-05 15:16:31
,,2018-11-05 15:16:31
,,2018-11-05 15:16:31
,,2018-11-05 15:16:32
,,2018-11-05 15:16:32
,,2018-11-05 15:16:32
,,2018-11-05 15:16:32
,,2018-11-05 15:16:32
,,2018-11-05 15:16:32
,,2018-11-05 15:16:33
,,2018-11-05 15:16:33
,,2018-11-05 15:16:33
,,2018-11-05 15:16:33
,,2018-11-05 15:16:33
,,2018-11-05 15:16:33
,,2018-11-05 15:16:34
,,2018-11-05 15:16:34
,,2018-11-05 15:16:34
386.0,196.0,2018-11-05 15:16:34
195.0,242.0,2018-11-05 15:16:34
,,2018-11-05 15:16:34
,,2018-11-05 15:16:34
,,2018-11-05 15:16:35
,,2018-11-05 15:16:35
,,2018-11-05 15:16:35
,,2018-11-05 15:16:35
,,2018-11-05 15:16:35
,,2018-11-05 15:16:35
,,2018-11-05 15:16:36
,,2018-11-05 15:16:36
,,2018-11-05 15:16:36
,,2018-11-05 15:16:36
,,2018-11-05 15:16:36
,,2018-11-05 15:16:36
,,2018-11-05 15:16:37
,,2018-11-05 15:16:37
355.5,219.0,2018-11-05 15:16:37
,,2018-11-05 15:16:37
,,2018-11-05 15:16:37
,,2018-11-05 15:16:37
,,2018-11-05 15:16:38
,,2018-11-05 15:16:38
,,2018-11-05 15:16:38
,,2018-11-05 15:16:38
,,2018-11-05 15:16:38
,,2018-11-05 15:16:38
,,2018-11-05 15:16:39
,,2018-11-05 15:16:39
,,2018-11-05 15:16:39
,,2018-11-05 15:16:39
,,2018-11-05 15:16:39
,,2018-11-05 15:16:39
,,2018-11-05 15:16:39
,,2018-11-05 15:16:40
,,2018-11-05 15:16:40
,,2018-11-05 15:16:40
,,2018-11-05 15:16:40
,,2018-11-05 15:16:40
,,2018-11-05 15:16:40
,,2018-11-05 15:16:41
,,2018-11-05 15:16:41
,,2018-11-05 15:16:41
,,2018-11-05 15:16:41
,,2018-11-05 15:16:41
,,2018-11-05 15:16:41
,,2018-11-05 15:16:42
,,2018-11-05 15:16:42
,,2018-11-05 15:16:42
,,2018-11-05 15:16:42
,,2018-11-05 15:16:42
,,2018-11-05 15:16:42
,,2018-11-05 15:16:43
,,2018-11-05 15:16:43
,,2018-11-05 15:16:43
,,2018-11-05 15:16:43
,,2018-11-05 15:16:43
,,2018-11-05 15:16:43
,,2018-11-05 15:16:44
,,2018-11-05 15:16:44
,,2018-11-05 15:16:44
,,2018-11-05 15:16:44
,,2018-11-05 15:16:44
,,2018-11-05 15:16:44
,,2018-11-05 15:16:45
,,2018-11-05 15:16:45
,,2018-11-05 15:16:45
,,2018-11-05 15:16:45
,,2018-11-05 15:16:45
,,2018-11-05 15:16:45
,,2018-11-05 15:16:46
,,2018-11-05 15:16:46
,,2018-11-05 15:16:46
,,2018-11-05 15:16:46
,,2018-11-05 15:16:46
,,2018-11-05 15:16:46
,,2018-11-05 15:16:47
,,2018-11-05 15:16:47
,,2018-11-05 15:16:47
,,2018-11-05 15:16:47
,,2018-11-05 15:16:47
,,2018-11-05 15:16:47
,,2018-11-05 15:16:48
,,2018-11-05 15:16:48
,,2018-11-05 15:16:48
,,2018-11-05 15:16:48
,,2018-11-05 15:16:48
,,2018-11-05 15:16:48
,,2018-11-05 15:16:48
,,2018-11-05 15:16:49
,,2018-11-05 15:16:49
,,2018-11-05 15:16:49
,,2018-11-05 15:16:49
,,2018-11-05 15:16:49
,,2018-11-05 15:16:49
,,2018-11-05 15:16:50
,,2018-11-05 15:16:50
,,2018-11-05 15:16:50
,,2018-11-05 15:16:50
,,2018-11-05 15:16:50
,,2018-11-05 15:16:50
,,2018-11-05 15:16:51
,,2018-11-05 15:16:51
,,2018-11-05 15:16:51
,,2018-11-05 15:16:51
,,2018-11-05 15:16:51
,,2018-11-05 15:16:51
,,2018-11-05 15:16:52
,,2018-11-05 15:16:52
,,2018-11-05 15:16:52
,,2018-11-05 15:16:52
,,2018-11-05 15:16:52
,,2018-11-05 15:16:52
,,2018-11-05 15:16:53
,,2018-11-05 15:16:53
,,2018-11-05 15:16:53
,,2018-11-05 15:16:53
,,2018-11-05 15:16:53
313.0,84.0,2018-11-05 15:16:53
277.5,143.5,2018-11-05 15:16:54
,,2018-11-05 15:16:54
,,2018-11-05 15:16:54
,,2018-11-05 15:16:54
,,2018-11-05 15:16:54
,,2018-11-05 15:16:54
,,2018-11-05 15:16:55
,,2018-11-05 15:16:55
,,2018-11-05 15:16:55
,,2018-11-05 15:16:55
,,2018-11-05 15:16:55
,,2018-11-05 15:16:55
,,2018-11-05 15:16:56
,,2018-11-05 15:16:56
,,2018-11-05 15:16:56
240.0,165.0,2018-11-05 15:16:56
,,2018-11-05 15:16:56
,,2018-11-05 15:16:56
,,2018-11-05 15:16:56
323.5,150.5,2018-11-05 15:16:57
,,2018-11-05 15:16:57
,,2018-11-05 15:16:57
,,2018-11-05 15:16:57
,,2018-11-05 15:16:57
,,2018-11-05 15:16:57
,,2018-11-05 15:16:58
,,2018-11-05 15:16:58
,,2018-11-05 15:16:58
,,2018-11-05 15:16:58
,,2018-11-05 15:16:58
,,2018-11-05 15:16:58
263.5,272.5,2018-11-05 15:16:59
,,2018-11-05 15:16:59
,,2018-11-05 15:16:59
,,2018-11-05 15:16:59
,,2018-11-05 15:16:59
,,2018-11-05 15:16:59
,,2018-11-05 15:17:00
,,2018-11-05 15:17:00
,,2018-11-05 15:17:00
,,2018-11-05 15:17:00
,,2018-11-05 15:17:00
,,2018-11-05 15:17:00
,,2018-11-05 15:17:01
,,2018-11-05 15:17:01
,,2018-11-05 15:17:01
,,2018-11-05 15:17:01
,,2018-11-05 15:17:01
,,2018-11-05 15:17:01
,,2018-11-05 15:17:01
,,2018-11-05 15:17:02
,,2018-11-05 15:17:02
,,2018-11-05 15:17:02
,,2018-11-05 15:17:02
,,2018-11-05 15:17:02
,,2018-11-05 15:17:02
,,2018-11-05 15:17:03
,,2018-11-05 15:17:03
,,2018-11-05 15:17:03
,,2018-11-05 15:17:03
,,2018-11-05 15:17:03
,,2018-11-05 15:17:03
,,2018-11-05 15:17:04
,,2018-11-05 15:17:04
,,2018-11-05 15:17:04
,,2018-11-05 15:17:04
,,2018-11-05 15:17:04
,,2018-11-05 15:17:04
,,2018-11-05 15:17:04
,,2018-11-05 15:17:05
,,2018-11-05 15:17:05
,,2018-11-05 15:17:05
,,2018-11-05 15:17:05
,,2018-11-05 15:17:05
,,2018-11-05 15:17:05
,,2018-11-05 15:17:06
,,2018-11-05 15:17:06
,,2018-11-05 15:17:06
,,2018-11-05 15:17:06
,,2018-11-05 15:17:06
,,2018-11-05 15:17:06
,,2018-11-05 15:17:07
,,2018-11-05 15:17:07
,,2018-11-05 15:17:07
,,2018-11-05 15:17:07
,,2018-11-05 15:17:07
,,2018-11-05 15:17:07
,,2018-11-05 15:17:08
,,2018-11-05 15:17:08
,,2018-11-05 15:17:08
,,2018-11-05 15:17:08
,,2018-11-05 15:17:08
,,2018-11-05 15:17:08
,,2018-11-05 15:17:09
,,2018-11-05 15:17:09
,,2018-11-05 15:17:09
,,2018-11-05 15:17:09
,,2018-11-05 15:17:09
,,2018-11-05 15:17:09
,,2018-11-05 15:17:09
,,2018-11-05 15:17:10
,,2018-11-05 15:17:10
,,2018-11-05 15:17:10
,,2018-11-05 15:17:10
,,2018-11-05 15:17:10
,,2018-11-05 15:17:10
,,2018-11-05 15:17:11
,,2018-11-05 15:17:11
,,2018-11-05 15:17:11
,,2018-11-05 15:17:11
,,2018-11-05 15:17:11
,,2018-11-05 15:17:11
,,2018-11-05 15:17:12
,,2018-11-05 15:17:12
,,2018-11-05 15:17:12
,,2018-11-05 15:17:12
,,2018-11-05 15:17:12
,,2018-11-05 15:17:12
,,2018-11-05 15:17:13
,,2018-11-05 15:17:13
,,2018-11-05 15:17:13
,,2018-11-05 15:17:13
,,2018-11-05 15:17:13
,,2018-11-05 15:17:13
,,2018-11-05 15:17:13
,,2018-11-05 15:17:14
,,2018-11-05 15:17:14
,,2018-11-05 15:17:14
,,2018-11-05 15:17:14
,,2018-11-05 15:17:14
,,2018-11-05 15:17:14
,,2018-11-05 15:17:15
,,2018-11-05 15:17:15
,,2018-11-05 15:17:15
,,2018-11-05 15:17:15
,,2018-11-05 15:17:15
436.0,156.0,2018-11-05 15:17:15
440.5,184.5,2018-11-05 15:17:16
,,2018-11-05 15:17:16
,,2018-11-05 15:17:16
,,2018-11-05 15:17:16
,,2018-11-05 15:17:16
,,2018-11-05 15:17:16
,,2018-11-05 15:17:17
,,2018-11-05 15:17:17
453.0,167.0,2018-11-05 15:17:17
,,2018-11-05 15:17:17
251.5,298.0,2018-11-05 15:17:17
,,2018-11-05 15:17:17
473.0,160.0,2018-11-05 15:17:18
474.0,149.0,2018-11-05 15:17:18
474.0,146.0,2018-11-05 15:17:18
,,2018-11-05 15:17:18
475.5,163.0,2018-11-05 15:17:18
473.5,156.0,2018-11-05 15:17:18
,,2018-11-05 15:17:18
,,2018-11-05 15:17:19
235.5,289.5,2018-11-05 15:17:19
244.5,298.0,2018-11-05 15:17:19
314.5,326.0,2018-11-05 15:17:19
252.5,299.0,2018-11-05 15:17:19
292.5,247.5,2018-11-05 15:17:19
457.5,156.0,2018-11-05 15:17:20
461.5,173.0,2018-11-05 15:17:20
467.5,163.0,2018-11-05 15:17:20
466.5,160.0,2018-11-05 15:17:20
465.5,174.5,2018-11-05 15:17:20
464.0,170.0,2018-11-05 15:17:21
467.5,176.0,2018-11-05 15:17:21
468.0,162.0,2018-11-05 15:17:21
467.5,163.0,2018-11-05 15:17:21
281.0,169.0,2018-11-05 15:17:21
465.5,163.5,2018-11-05 15:17:21
463.5,165.5,2018-11-05 15:17:22
462.5,167.5,2018-11-05 15:17:22
461.5,163.0,2018-11-05 15:17:22
463.0,170.0,2018-11-05 15:17:22
463.0,170.0,2018-11-05 15:17:22
465.5,163.5,2018-11-05 15:17:22
463.0,170.0,2018-11-05 15:17:23
464.5,162.0,2018-11-05 15:17:23
466.5,164.5,2018-11-05 15:17:23
,,2018-11-05 15:17:23
,,2018-11-05 15:17:23
470.0,165.0,2018-11-05 15:17:23
298.5,169.5,2018-11-05 15:17:24
298.5,180.5,2018-11-05 15:17:24
300.5,202.0,2018-11-05 15:17:24
302.5,205.5,2018-11-05 15:17:24
299.5,188.5,2018-11-05 15:17:24
299.5,176.5,2018-11-05 15:17:24
296.5,135.5,2018-11-05 15:17:25
298.5,186.0,2018-11-05 15:17:25
296.5,179.5,2018-11-05 15:17:25
298.0,212.0,2018-11-05 15:17:25
298.0,212.0,2018-11-05 15:17:25
297.0,171.0,2018-11-05 15:17:25
294.5,179.5,2018-11-05 15:17:26
298.0,187.0,2018-11-05 15:17:26
293.5,176.0,2018-11-05 15:17:26
294.5,177.0,2018-11-05 15:17:26
292.5,177.0,2018-11-05 15:17:26
292.5,142.5,2018-11-05 15:17:26
294.5,178.5,2018-11-05 15:17:27
294.5,180.5,2018-11-05 15:17:27
294.5,180.5,2018-11-05 15:17:27
294.5,179.5,2018-11-05 15:17:27
294.5,148.0,2018-11-05 15:17:27
296.5,173.0,2018-11-05 15:17:27
296.0,186.0,2018-11-05 15:17:28
296.0,174.0,2018-11-05 15:17:28
298.0,211.0,2018-11-05 15:17:28
296.0,176.0,2018-11-05 15:17:28
293.5,145.0,2018-11-05 15:17:28
295.5,157.5,2018-11-05 15:17:28
299.5,172.0,2018-11-05 15:17:29
295.0,179.0,2018-11-05 15:17:29
296.0,210.0,2018-11-05 15:17:29
291.5,200.0,2018-11-05 15:17:29
287.5,201.5,2018-11-05 15:17:29
283.5,240.5,2018-11-05 15:17:29
285.5,268.5,2018-11-05 15:17:30
283.5,227.5,2018-11-05 15:17:30
278.5,227.5,2018-11-05 15:17:30
279.0,233.0,2018-11-05 15:17:30
280.0,258.0,2018-11-05 15:17:30
,,2018-11-05 15:17:30
271.5,153.5,2018-11-05 15:17:31
274.5,141.5,2018-11-05 15:17:31
274.0,141.5,2018-11-05 15:17:31
389.5,233.5,2018-11-05 15:17:31
481.0,141.0,2018-11-05 15:17:31
292.0,208.0,2018-11-05 15:17:31
,,2018-11-05 15:17:32
270.0,232.0,2018-11-05 15:17:32
264.5,292.5,2018-11-05 15:17:32
385.5,242.0,2018-11-05 15:17:32
385.5,243.5,2018-11-05 15:17:32
386.0,238.0,2018-11-05 15:17:32
381.5,239.5,2018-11-05 15:17:33
381.5,230.0,2018-11-05 15:17:33
258.5,297.0,2018-11-05 15:17:33
253.5,294.5,2018-11-05 15:17:33
252.5,294.5,2018-11-05 15:17:33
,,2018-11-05 15:17:33
258.5,295.5,2018-11-05 15:17:34
,,2018-11-05 15:17:34
259.5,298.0,2018-11-05 15:17:34
,,2018-11-05 15:17:34
263.0,281.0,2018-11-05 15:17:34
,,2018-11-05 15:17:34
,,2018-11-05 15:17:35
,,2018-11-05 15:17:35
,,2018-11-05 15:17:35
,,2018-11-05 15:17:35
,,2018-11-05 15:17:35
,,2018-11-05 15:17:35
260.5,279.5,2018-11-05 15:17:36
257.0,270.0,2018-11-05 15:17:36
256.5,274.0,2018-11-05 15:17:36
251.0,223.0,2018-11-05 15:17:36
250.0,302.0,2018-11-05 15:17:36
,,2018-11-05 15:17:36
,,2018-11-05 15:17:37
,,2018-11-05 15:17:37
,,2018-11-05 15:17:37
,,2018-11-05 15:17:37
,,2018-11-05 15:17:37
,,2018-11-05 15:17:37
,,2018-11-05 15:17:37
,,2018-11-05 15:17:38
,,2018-11-05 15:17:38
,,2018-11-05 15:17:38
,,2018-11-05 15:17:38
,,2018-11-05 15:17:38
,,2018-11-05 15:17:38
434.5,152.0,2018-11-05 15:17:39
,,2018-11-05 15:17:39
,,2018-11-05 15:17:39
,,2018-11-05 15:17:39
,,2018-11-05 15:17:39
,,2018-11-05 15:17:39
452.5,178.5,2018-11-05 15:17:40
,,2018-11-05 15:17:40
,,2018-11-05 15:17:40
,,2018-11-05 15:17:40
,,2018-11-05 15:17:40
,,2018-11-05 15:17:40
,,2018-11-05 15:17:41
,,2018-11-05 15:17:41
,,2018-11-05 15:17:41
,,2018-11-05 15:17:41
,,2018-11-05 15:17:41
,,2018-11-05 15:17:41
,,2018-11-05 15:17:42
,,2018-11-05 15:17:42
,,2018-11-05 15:17:42
,,2018-11-05 15:17:42
,,2018-11-05 15:17:42
,,2018-11-05 15:17:42
,,2018-11-05 15:17:42
,,2018-11-05 15:17:43
,,2018-11-05 15:17:43
,,2018-11-05 15:17:43
,,2018-11-05 15:17:43
316.5,230.5,2018-11-05 15:17:43
334.0,211.0,2018-11-05 15:17:43
280.0,209.0,2018-11-05 15:17:44
279.0,256.0,2018-11-05 15:17:44
305.0,172.0,2018-11-05 15:17:44
372.5,274.5,2018-11-05 15:17:44
276.0,194.0,2018-11-05 15:17:44
274.0,217.0,2018-11-05 15:17:44
302.0,171.0,2018-11-05 15:17:45
271.5,191.5,2018-11-05 15:17:45
370.5,240.5,2018-11-05 15:17:45
315.0,247.5,2018-11-05 15:17:45
315.0,245.5,2018-11-05 15:17:45
316.5,242.0,2018-11-05 15:17:45
304.0,171.0,2018-11-05 15:17:46
337.0,219.0,2018-11-05 15:17:46
318.5,242.0,2018-11-05 15:17:46
278.0,190.0,2018-11-05 15:17:46
320.5,244.0,2018-11-05 15:17:46
320.5,245.5,2018-11-05 15:17:46
373.5,265.5,2018-11-05 15:17:47
278.0,192.0,2018-11-05 15:17:47
307.0,169.0,2018-11-05 15:17:47
320.5,240.5,2018-11-05 15:17:47
320.5,244.0,2018-11-05 15:17:47
374.5,239.0,2018-11-05 15:17:47
320.5,244.0,2018-11-05 15:17:48
320.5,242.0,2018-11-05 15:17:48
374.5,239.0,2018-11-05 15:17:48
374.5,242.5,2018-11-05 15:17:48
341.5,214.5,2018-11-05 15:17:48
278.0,225.0,2018-11-05 15:17:48
277.0,215.0,2018-11-05 15:17:49
339.5,318.5,2018-11-05 15:17:49
307.0,159.0,2018-11-05 15:17:49
318.5,238.5,2018-11-05 15:17:49
340.5,210.5,2018-11-05 15:17:49
277.5,203.0,2018-11-05 15:17:49
340.5,320.0,2018-11-05 15:17:49
340.5,201.5,2018-11-05 15:17:50
278.0,203.0,2018-11-05 15:17:50
340.5,320.0,2018-11-05 15:17:50
327.0,221.5,2018-11-05 15:17:50
327.0,223.0,2018-11-05 15:17:50
338.5,321.0,2018-11-05 15:17:50
,,2018-11-05 15:17:51
,,2018-11-05 15:17:51
